ISO-10303-21;
HEADER;
FILE_DESCRIPTION(('STEP AP242'),'1');
FILE_NAME('2-1393210-0.stp','2026-06-22T13:12:06',('TraceParts'),('TraceParts S.A.S.'),'Spatial InterOp 3D',' ',' ');
FILE_SCHEMA(('AP242_MANAGED_MODEL_BASED_3D_ENGINEERING_MIM_LF  {1 0 10303 442 1 1 4}'));
ENDSEC;
DATA;
#1=PRODUCT_DEFINITION_CONTEXT('',#9,'design');
#2=APPLICATION_PROTOCOL_DEFINITION('INTERNATIONAL STANDARD','ap242_managed_model_based_3d_engineering',2014,#9);
#3=PRODUCT_CATEGORY_RELATIONSHIP('NONE','NONE',#10,#11);
#4=SHAPE_DEFINITION_REPRESENTATION(#12,#13);
#5= (GEOMETRIC_REPRESENTATION_CONTEXT(3)GLOBAL_UNCERTAINTY_ASSIGNED_CONTEXT((#16))GLOBAL_UNIT_ASSIGNED_CONTEXT((#18,#19,#20))REPRESENTATION_CONTEXT('NONE','WORKSPACE'));
#9=APPLICATION_CONTEXT('managed model based 3d engineering');
#10=PRODUCT_CATEGORY('part','NONE');
#11=PRODUCT_RELATED_PRODUCT_CATEGORY('detail',' ',(#22));
#12=PRODUCT_DEFINITION_SHAPE('NONE','NONE',#23);
#13=ADVANCED_BREP_SHAPE_REPRESENTATION('1',(#24,#25),#5);
#16=UNCERTAINTY_MEASURE_WITH_UNIT(LENGTH_MEASURE(1.0E-06),#18,'','');
#18= (CONVERSION_BASED_UNIT('MILLIMETRE',#28)LENGTH_UNIT()NAMED_UNIT(#31));
#19= (NAMED_UNIT(#33)PLANE_ANGLE_UNIT()SI_UNIT($,.RADIAN.));
#20= (NAMED_UNIT(#33)SOLID_ANGLE_UNIT()SI_UNIT($,.STERADIAN.));
#22=PRODUCT('1','','PART--DESC',(#39));
#23=PRODUCT_DEFINITION('','NONE',#40,#1);
#24=MANIFOLD_SOLID_BREP('1',#41);
#25=AXIS2_PLACEMENT_3D('',#42,#43,#44);
#28=LENGTH_MEASURE_WITH_UNIT(LENGTH_MEASURE(1.0),#45);
#31=DIMENSIONAL_EXPONENTS(1.0,0.0,0.0,0.0,0.0,0.0,0.0);
#33=DIMENSIONAL_EXPONENTS(0.0,0.0,0.0,0.0,0.0,0.0,0.0);
#39=PRODUCT_CONTEXT('',#9,'mechanical');
#40=PRODUCT_DEFINITION_FORMATION_WITH_SPECIFIED_SOURCE(' ','NONE',#22,.NOT_KNOWN.);
#41=CLOSED_SHELL('',(#46,#47,#48,#49,#50,#51,#52,#53,#54,#55,#56,#57,#58,#59,#60,#61,#62,#63,#64,#65,#66,#67,#68,#69,#70,#71,#72,#73,#74,#75,#76,#77,#78,#79,#80,#81,#82,#83,#84,#85,#86,#87,#88,#89,#90,#91,#92,#93,#94,#95,#96,#97,#98,#99,#100,#101,#102,#103,#104,#105,#106,#107,#108,#109,#110,#111,#112,#113,#114,#115,#116,#117,#118,#119,#120,#121,#122,#123));
#42=CARTESIAN_POINT('',(0.0,0.0,0.0));
#43=DIRECTION('',(0.0,0.0,1.0));
#44=DIRECTION('',(1.0,0.0,0.0));
#45= (NAMED_UNIT(#31)LENGTH_UNIT()SI_UNIT(.MILLI.,.METRE.));
#46=ADVANCED_FACE('',(#125,#126,#127,#128,#129,#130),#131,.T.);
#47=ADVANCED_FACE('',(#132),#133,.T.);
#48=ADVANCED_FACE('',(#134),#135,.T.);
#49=ADVANCED_FACE('',(#136),#137,.T.);
#50=ADVANCED_FACE('',(#138,#139),#140,.T.);
#51=ADVANCED_FACE('',(#141),#142,.T.);
#52=ADVANCED_FACE('',(#143),#144,.F.);
#53=ADVANCED_FACE('',(#145),#146,.F.);
#54=ADVANCED_FACE('',(#147),#148,.F.);
#55=ADVANCED_FACE('',(#149),#150,.T.);
#56=ADVANCED_FACE('',(#151),#152,.T.);
#57=ADVANCED_FACE('',(#153),#154,.T.);
#58=ADVANCED_FACE('',(#155),#156,.T.);
#59=ADVANCED_FACE('',(#157),#158,.T.);
#60=ADVANCED_FACE('',(#159),#160,.T.);
#61=ADVANCED_FACE('',(#161),#162,.T.);
#62=ADVANCED_FACE('',(#163),#164,.T.);
#63=ADVANCED_FACE('',(#165),#166,.T.);
#64=ADVANCED_FACE('',(#167),#168,.T.);
#65=ADVANCED_FACE('',(#169),#170,.T.);
#66=ADVANCED_FACE('',(#171),#172,.T.);
#67=ADVANCED_FACE('',(#173),#174,.T.);
#68=ADVANCED_FACE('',(#175),#176,.T.);
#69=ADVANCED_FACE('',(#177),#178,.F.);
#70=ADVANCED_FACE('',(#179),#180,.F.);
#71=ADVANCED_FACE('',(#181),#182,.T.);
#72=ADVANCED_FACE('',(#183),#184,.T.);
#73=ADVANCED_FACE('',(#185),#186,.T.);
#74=ADVANCED_FACE('',(#187),#188,.T.);
#75=ADVANCED_FACE('',(#189),#190,.F.);
#76=ADVANCED_FACE('',(#191),#192,.T.);
#77=ADVANCED_FACE('',(#193),#194,.T.);
#78=ADVANCED_FACE('',(#195),#196,.T.);
#79=ADVANCED_FACE('',(#197),#198,.T.);
#80=ADVANCED_FACE('',(#199),#200,.T.);
#81=ADVANCED_FACE('',(#201),#202,.T.);
#82=ADVANCED_FACE('',(#203),#204,.T.);
#83=ADVANCED_FACE('',(#205),#206,.T.);
#84=ADVANCED_FACE('',(#207),#208,.T.);
#85=ADVANCED_FACE('',(#209),#210,.T.);
#86=ADVANCED_FACE('',(#211),#212,.T.);
#87=ADVANCED_FACE('',(#213),#214,.T.);
#88=ADVANCED_FACE('',(#215),#216,.T.);
#89=ADVANCED_FACE('',(#217),#218,.T.);
#90=ADVANCED_FACE('',(#219),#220,.T.);
#91=ADVANCED_FACE('',(#221),#222,.T.);
#92=ADVANCED_FACE('',(#223),#224,.T.);
#93=ADVANCED_FACE('',(#225),#226,.T.);
#94=ADVANCED_FACE('',(#227),#228,.T.);
#95=ADVANCED_FACE('',(#229),#230,.T.);
#96=ADVANCED_FACE('',(#231),#232,.F.);
#97=ADVANCED_FACE('',(#233),#234,.T.);
#98=ADVANCED_FACE('',(#235),#236,.T.);
#99=ADVANCED_FACE('',(#237),#238,.T.);
#100=ADVANCED_FACE('',(#239),#240,.T.);
#101=ADVANCED_FACE('',(#241),#242,.T.);
#102=ADVANCED_FACE('',(#243),#244,.T.);
#103=ADVANCED_FACE('',(#245),#246,.T.);
#104=ADVANCED_FACE('',(#247),#248,.T.);
#105=ADVANCED_FACE('',(#249),#250,.T.);
#106=ADVANCED_FACE('',(#251),#252,.T.);
#107=ADVANCED_FACE('',(#253),#254,.T.);
#108=ADVANCED_FACE('',(#255),#256,.T.);
#109=ADVANCED_FACE('',(#257),#258,.T.);
#110=ADVANCED_FACE('',(#259),#260,.T.);
#111=ADVANCED_FACE('',(#261),#262,.T.);
#112=ADVANCED_FACE('',(#263),#264,.T.);
#113=ADVANCED_FACE('',(#265),#266,.T.);
#114=ADVANCED_FACE('',(#267),#268,.T.);
#115=ADVANCED_FACE('',(#269),#270,.T.);
#116=ADVANCED_FACE('',(#271),#272,.T.);
#117=ADVANCED_FACE('',(#273),#274,.T.);
#118=ADVANCED_FACE('',(#275),#276,.T.);
#119=ADVANCED_FACE('',(#277),#278,.F.);
#120=ADVANCED_FACE('',(#279),#280,.F.);
#121=ADVANCED_FACE('',(#281),#282,.F.);
#122=ADVANCED_FACE('',(#283),#284,.F.);
#123=ADVANCED_FACE('',(#285),#286,.T.);
#125=FACE_OUTER_BOUND('',#287,.T.);
#126=FACE_BOUND('',#288,.T.);
#127=FACE_BOUND('',#289,.T.);
#128=FACE_BOUND('',#290,.T.);
#129=FACE_BOUND('',#291,.T.);
#130=FACE_BOUND('',#292,.T.);
#131=PLANE('',#293);
#132=FACE_OUTER_BOUND('',#294,.T.);
#133=CYLINDRICAL_SURFACE('',#295,1.49698);
#134=FACE_OUTER_BOUND('',#296,.T.);
#135=PLANE('',#297);
#136=FACE_OUTER_BOUND('',#298,.T.);
#137=CYLINDRICAL_SURFACE('',#299,0.4);
#138=FACE_OUTER_BOUND('',#300,.T.);
#139=FACE_BOUND('',#301,.T.);
#140=PLANE('',#302);
#141=FACE_OUTER_BOUND('',#303,.T.);
#142=CYLINDRICAL_SURFACE('',#304,0.81);
#143=FACE_OUTER_BOUND('',#305,.T.);
#144=PLANE('',#306);
#145=FACE_OUTER_BOUND('',#307,.T.);
#146=PLANE('',#308);
#147=FACE_OUTER_BOUND('',#309,.T.);
#148=PLANE('',#310);
#149=FACE_OUTER_BOUND('',#311,.T.);
#150=CYLINDRICAL_SURFACE('',#312,1.1);
#151=FACE_OUTER_BOUND('',#313,.T.);
#152=(B_SPLINE_SURFACE(3,3,((#315,#316,#317,#318),(#319,#320,#321,#322),(#323,#324,#325,#326),(#327,#328,#329,#330)),.UNSPECIFIED.,.F.,.F.,.F.)B_SPLINE_SURFACE_WITH_KNOTS((4,4),(4,4),(0.123212812928425,0.876787187039473),(0.0354683323608655,0.96453217991798),.UNSPECIFIED.)RATIONAL_B_SPLINE_SURFACE(((1.34139107715694,1.08222048236004,1.08222062526485,1.34139150587135),(1.11215542475291,0.897275522949191,0.897275641432424,1.11215578020261),(1.11215542474315,0.897275522941312,0.897275641424546,1.11215578019285),(1.34139107712765,1.08222048233641,1.08222062524121,1.34139150584206)))BOUNDED_SURFACE()REPRESENTATION_ITEM('')GEOMETRIC_REPRESENTATION_ITEM()SURFACE());
#153=FACE_OUTER_BOUND('',#337,.T.);
#154=TOROIDAL_SURFACE('',#338,2.360333998302,1.1);
#155=FACE_OUTER_BOUND('',#339,.T.);
#156=CYLINDRICAL_SURFACE('',#340,1.1);
#157=FACE_OUTER_BOUND('',#341,.T.);
#158=(B_SPLINE_SURFACE(3,3,((#343,#344,#345,#346),(#347,#348,#349,#350),(#351,#352,#353,#354),(#355,#356,#357,#358)),.UNSPECIFIED.,.F.,.F.,.F.)B_SPLINE_SURFACE_WITH_KNOTS((4,4),(4,4),(0.118386458251819,0.881613541353793),(0.0354684439575768,0.964532187106128),.UNSPECIFIED.)RATIONAL_B_SPLINE_SURFACE(((1.37011356698855,1.1053935099608,1.10539368977121,1.37011410641979),(1.10258120872837,0.889551159625601,0.889551304325709,1.10258164282869),(1.10258120859013,0.889551159514067,0.889551304214175,1.10258164269045),(1.37011356657382,1.1053935096262,1.10539368943661,1.37011410600506)))BOUNDED_SURFACE()REPRESENTATION_ITEM('')GEOMETRIC_REPRESENTATION_ITEM()SURFACE());
#159=FACE_OUTER_BOUND('',#365,.T.);
#160=CYLINDRICAL_SURFACE('',#366,1.1);
#161=FACE_OUTER_BOUND('',#367,.T.);
#162=(B_SPLINE_SURFACE(3,3,((#369,#370,#371,#372),(#373,#374,#375,#376),(#377,#378,#379,#380),(#381,#382,#383,#384)),.UNSPECIFIED.,.F.,.F.,.F.)B_SPLINE_SURFACE_WITH_KNOTS((4,4),(4,4),(0.118386458247725,0.881613541353222),(0.0354684439582234,0.964532187106123),.UNSPECIFIED.)RATIONAL_B_SPLINE_SURFACE(((1.37011356699231,1.10539350996428,1.10539368977487,1.37011410642409),(1.10258120872813,0.889551159625764,0.889551304326019,1.10258164282889),(1.10258120858825,0.889551159512911,0.889551304213165,1.10258164268901),(1.37011356657267,1.10539350962572,1.10539368943631,1.37011410600445)))BOUNDED_SURFACE()REPRESENTATION_ITEM('')GEOMETRIC_REPRESENTATION_ITEM()SURFACE());
#163=FACE_OUTER_BOUND('',#391,.T.);
#164=CYLINDRICAL_SURFACE('',#392,1.1);
#165=FACE_OUTER_BOUND('',#393,.T.);
#166=TOROIDAL_SURFACE('',#394,2.360333998302,1.1);
#167=FACE_OUTER_BOUND('',#395,.T.);
#168=CYLINDRICAL_SURFACE('',#396,1.1);
#169=FACE_OUTER_BOUND('',#397,.T.);
#170=(B_SPLINE_SURFACE(3,3,((#399,#400,#401,#402),(#403,#404,#405,#406),(#407,#408,#409,#410),(#411,#412,#413,#414)),.UNSPECIFIED.,.F.,.F.,.F.)B_SPLINE_SURFACE_WITH_KNOTS((4,4),(4,4),(0.11838645825184,0.881613541353805),(0.0354684439575772,0.96453218710611),.UNSPECIFIED.)RATIONAL_B_SPLINE_SURFACE(((1.37011356698853,1.10539350996079,1.10539368977119,1.37011410641975),(1.10258120872837,0.889551159625602,0.889551304325705,1.10258164282868),(1.10258120859013,0.889551159514078,0.889551304214181,1.10258164269044),(1.37011356657384,1.10539350962622,1.10539368943662,1.37011410600505)))BOUNDED_SURFACE()REPRESENTATION_ITEM('')GEOMETRIC_REPRESENTATION_ITEM()SURFACE());
#171=FACE_OUTER_BOUND('',#421,.T.);
#172=CYLINDRICAL_SURFACE('',#422,1.1);
#173=FACE_OUTER_BOUND('',#423,.T.);
#174=(B_SPLINE_SURFACE(3,3,((#425,#426,#427,#428),(#429,#430,#431,#432),(#433,#434,#435,#436),(#437,#438,#439,#440)),.UNSPECIFIED.,.F.,.F.,.F.)B_SPLINE_SURFACE_WITH_KNOTS((4,4),(4,4),(0.118386458247758,0.881613541353787),(0.0354684439575771,0.964532187106121),.UNSPECIFIED.)RATIONAL_B_SPLINE_SURFACE(((1.37011356699282,1.10539350996425,1.10539368977466,1.37011410642405),(1.10258120872837,0.889551159625604,0.88955130432571,1.10258164282869),(1.1025812085887,0.889551159512921,0.889551304213027,1.10258164268902),(1.37011356657382,1.1053935096262,1.10539368943661,1.37011410600504)))BOUNDED_SURFACE()REPRESENTATION_ITEM('')GEOMETRIC_REPRESENTATION_ITEM()SURFACE());
#175=FACE_OUTER_BOUND('',#447,.T.);
#176=CYLINDRICAL_SURFACE('',#448,1.1);
#177=FACE_OUTER_BOUND('',#449,.T.);
#178=PLANE('',#450);
#179=FACE_OUTER_BOUND('',#451,.T.);
#180=CYLINDRICAL_SURFACE('',#452,0.64);
#181=FACE_OUTER_BOUND('',#453,.T.);
#182=CONICAL_SURFACE('',#454,1.462312058144,0.00872664625996925);
#183=FACE_OUTER_BOUND('',#455,.T.);
#184=PLANE('',#456);
#185=FACE_OUTER_BOUND('',#457,.T.);
#186=CONICAL_SURFACE('',#458,1.462312058144,0.00872664625996925);
#187=FACE_OUTER_BOUND('',#459,.T.);
#188=PLANE('',#460);
#189=FACE_OUTER_BOUND('',#461,.T.);
#190=CONICAL_SURFACE('',#462,1.177687941547,0.00872664625996925);
#191=FACE_OUTER_BOUND('',#463,.T.);
#192=PLANE('',#464);
#193=FACE_OUTER_BOUND('',#465,.T.);
#194=CONICAL_SURFACE('',#466,1.462312058144,0.00872664625996925);
#195=FACE_OUTER_BOUND('',#467,.T.);
#196=PLANE('',#468);
#197=FACE_OUTER_BOUND('',#469,.T.);
#198=CYLINDRICAL_SURFACE('',#470,1.49698);
#199=FACE_OUTER_BOUND('',#471,.T.);
#200=PLANE('',#472);
#201=FACE_OUTER_BOUND('',#473,.T.);
#202=PLANE('',#474);
#203=FACE_OUTER_BOUND('',#475,.T.);
#204=PLANE('',#476);
#205=FACE_OUTER_BOUND('',#477,.T.);
#206=PLANE('',#478);
#207=FACE_OUTER_BOUND('',#479,.T.);
#208=CYLINDRICAL_SURFACE('',#480,1.49698);
#209=FACE_OUTER_BOUND('',#481,.T.);
#210=PLANE('',#482);
#211=FACE_OUTER_BOUND('',#483,.T.);
#212=CYLINDRICAL_SURFACE('',#484,1.49698);
#213=FACE_OUTER_BOUND('',#485,.T.);
#214=CYLINDRICAL_SURFACE('',#486,1.49698);
#215=FACE_OUTER_BOUND('',#487,.T.);
#216=PLANE('',#488);
#217=FACE_OUTER_BOUND('',#489,.T.);
#218=CYLINDRICAL_SURFACE('',#490,1.49698);
#219=FACE_OUTER_BOUND('',#491,.T.);
#220=PLANE('',#492);
#221=FACE_OUTER_BOUND('',#493,.T.);
#222=CYLINDRICAL_SURFACE('',#494,1.49698);
#223=FACE_OUTER_BOUND('',#495,.T.);
#224=PLANE('',#496);
#225=FACE_OUTER_BOUND('',#497,.T.);
#226=CYLINDRICAL_SURFACE('',#498,1.49698);
#227=FACE_OUTER_BOUND('',#499,.T.);
#228=CONICAL_SURFACE('',#500,1.462312058144,0.00872664625996925);
#229=FACE_OUTER_BOUND('',#501,.T.);
#230=PLANE('',#502);
#231=FACE_OUTER_BOUND('',#503,.T.);
#232=CONICAL_SURFACE('',#504,1.177687941527,0.00872664625996925);
#233=FACE_OUTER_BOUND('',#505,.T.);
#234=CONICAL_SURFACE('',#506,1.462312058207,0.00872664625996925);
#235=FACE_OUTER_BOUND('',#507,.T.);
#236=PLANE('',#508);
#237=FACE_OUTER_BOUND('',#509,.T.);
#238=CYLINDRICAL_SURFACE('',#510,0.4);
#239=FACE_OUTER_BOUND('',#511,.T.);
#240=TOROIDAL_SURFACE('',#512,0.9802162686355,0.4);
#241=FACE_OUTER_BOUND('',#513,.T.);
#242=CONICAL_SURFACE('',#514,1.462600518931,0.00872664625996925);
#243=FACE_OUTER_BOUND('',#515,.T.);
#244=CYLINDRICAL_SURFACE('',#516,0.81);
#245=FACE_OUTER_BOUND('',#517,.T.);
#246=PLANE('',#518);
#247=FACE_OUTER_BOUND('',#519,.T.);
#248=PLANE('',#520);
#249=FACE_OUTER_BOUND('',#521,.T.);
#250=PLANE('',#522);
#251=FACE_OUTER_BOUND('',#523,.T.);
#252=PLANE('',#524);
#253=FACE_OUTER_BOUND('',#525,.T.);
#254=PLANE('',#526);
#255=FACE_OUTER_BOUND('',#527,.T.);
#256=PLANE('',#528);
#257=FACE_OUTER_BOUND('',#529,.T.);
#258=PLANE('',#530);
#259=FACE_OUTER_BOUND('',#531,.T.);
#260=PLANE('',#532);
#261=FACE_OUTER_BOUND('',#533,.T.);
#262=CYLINDRICAL_SURFACE('',#534,0.381);
#263=FACE_OUTER_BOUND('',#535,.T.);
#264=CYLINDRICAL_SURFACE('',#536,0.381);
#265=FACE_OUTER_BOUND('',#537,.T.);
#266=CYLINDRICAL_SURFACE('',#538,0.381);
#267=FACE_OUTER_BOUND('',#539,.T.);
#268=CYLINDRICAL_SURFACE('',#540,0.381);
#269=FACE_OUTER_BOUND('',#541,.T.);
#270=PLANE('',#542);
#271=FACE_OUTER_BOUND('',#543,.T.);
#272=PLANE('',#544);
#273=FACE_OUTER_BOUND('',#545,.T.);
#274=PLANE('',#546);
#275=FACE_OUTER_BOUND('',#547,.T.);
#276=PLANE('',#548);
#277=FACE_OUTER_BOUND('',#549,.T.);
#278=PLANE('',#550);
#279=FACE_OUTER_BOUND('',#551,.T.);
#280=PLANE('',#552);
#281=FACE_OUTER_BOUND('',#553,.T.);
#282=PLANE('',#554);
#283=FACE_OUTER_BOUND('',#555,.T.);
#284=PLANE('',#556);
#285=FACE_OUTER_BOUND('',#557,.T.);
#286=PLANE('',#558);
#287=EDGE_LOOP('',(#559,#560,#561,#562,#563,#564,#565,#566,#567,#568,#569,#570,#571,#572,#573,#574,#575,#576,#577,#578,#579,#580,#581,#582,#583,#584,#585,#586,#587,#588,#589));
#288=EDGE_LOOP('',(#590,#591,#592,#593));
#289=EDGE_LOOP('',(#594,#595));
#290=EDGE_LOOP('',(#596,#597));
#291=EDGE_LOOP('',(#598,#599,#600,#601));
#292=EDGE_LOOP('',(#602,#603,#604,#605));
#293=AXIS2_PLACEMENT_3D('',#606,#607,#608);
#294=EDGE_LOOP('',(#609,#610,#611,#612));
#295=AXIS2_PLACEMENT_3D('',#613,#614,#615);
#296=EDGE_LOOP('',(#616,#617,#618,#619,#620,#621,#622,#623,#624,#625,#626,#627,#628,#629));
#297=AXIS2_PLACEMENT_3D('',#630,#631,#632);
#298=EDGE_LOOP('',(#633,#634,#635,#636));
#299=AXIS2_PLACEMENT_3D('',#637,#638,#639);
#300=EDGE_LOOP('',(#640,#641,#642,#643,#644,#645));
#301=EDGE_LOOP('',(#646,#647));
#302=AXIS2_PLACEMENT_3D('',#648,#649,#650);
#303=EDGE_LOOP('',(#651,#652,#653,#654));
#304=AXIS2_PLACEMENT_3D('',#655,#656,#657);
#305=EDGE_LOOP('',(#658,#659,#660,#661,#662,#663,#664,#665,#666,#667,#668,#669,#670,#671,#672,#673,#674));
#306=AXIS2_PLACEMENT_3D('',#675,#676,#677);
#307=EDGE_LOOP('',(#678,#679));
#308=AXIS2_PLACEMENT_3D('',#680,#681,#682);
#309=EDGE_LOOP('',(#683,#684,#685,#686,#687,#688));
#310=AXIS2_PLACEMENT_3D('',#689,#690,#691);
#311=EDGE_LOOP('',(#692,#693,#694,#695));
#312=AXIS2_PLACEMENT_3D('',#696,#697,#698);
#313=EDGE_LOOP('',(#699,#700,#701,#702));
#315=CARTESIAN_POINT('',(11.4974609487099,-0.0118013875928498,-20.0406000000028));
#316=CARTESIAN_POINT('',(11.5653299267951,-0.648108933930316,-20.0406009154551));
#317=CARTESIAN_POINT('',(11.6135294777828,-1.1000052036415,-19.5900900916713));
#318=CARTESIAN_POINT('',(11.614121649964,-1.10555713083277,-18.9501977499413));
#319=CARTESIAN_POINT('',(11.646953398349,0.00414357462975513,-20.0406000000028));
#320=CARTESIAN_POINT('',(12.0568849276858,-0.595679356795021,-20.0406009154552));
#321=CARTESIAN_POINT('',(12.348012276414,-1.02166478908844,-19.5900900916713));
#322=CARTESIAN_POINT('',(12.3515890216858,-1.02689837976626,-18.9501977499413));
#323=CARTESIAN_POINT('',(11.7474646605308,0.115945723512202,-20.0406000000028));
#324=CARTESIAN_POINT('',(12.3873819774655,-0.228056071967446,-20.0406009154552));
#325=CARTESIAN_POINT('',(12.8418418532135,-0.472361092465835,-19.5900900916713));
#326=CARTESIAN_POINT('',(12.8474252764713,-0.475362585899421,-18.9501977499413));
#327=CARTESIAN_POINT('',(11.7474644280553,0.266286118349855,-20.0406000000028));
#328=CARTESIAN_POINT('',(12.3873812130419,0.266287107881584,-20.0406009154551));
#329=CARTESIAN_POINT('',(12.8418407110119,0.266287810632511,-19.5900900916713));
#330=CARTESIAN_POINT('',(12.8474241296233,0.26628781926641,-18.9501977499413));
#337=EDGE_LOOP('',(#703,#704,#705,#706));
#338=AXIS2_PLACEMENT_3D('',#707,#708,#709);
#339=EDGE_LOOP('',(#710,#711,#712,#713));
#340=AXIS2_PLACEMENT_3D('',#714,#715,#716);
#341=EDGE_LOOP('',(#717,#718,#719,#720));
#343=CARTESIAN_POINT('',(9.10779954839171,-14.9906644249446,-20.0405999999969));
#344=CARTESIAN_POINT('',(9.10779851504014,-15.6305812275039,-20.0406009172592));
#345=CARTESIAN_POINT('',(9.10779778116874,-16.0850407191179,-19.5900900760206));
#346=CARTESIAN_POINT('',(9.10779777215216,-16.0906241297429,-18.9501977362509));
#347=CARTESIAN_POINT('',(9.27162359511525,-14.9906646894896,-20.0405999999969));
#348=CARTESIAN_POINT('',(9.64647810580413,-15.6305820973764,-20.0406009172592));
#349=CARTESIAN_POINT('',(9.91269426026793,-16.0850420188807,-19.5900900760206));
#350=CARTESIAN_POINT('',(9.91596494584976,-16.0906254347906,-18.9501977362509));
#351=CARTESIAN_POINT('',(9.38746468949226,-14.8748235951344,-20.0405999999969));
#352=CARTESIAN_POINT('',(10.027382097379,-15.249678105869,-20.0406009172592));
#353=CARTESIAN_POINT('',(10.4818420188774,-15.5158942603693,-19.5900900760206));
#354=CARTESIAN_POINT('',(10.4874254347899,-15.5191649459481,-18.9501977362509));
#355=CARTESIAN_POINT('',(9.38746442494496,-14.7109995483916,-20.0405999999969));
#356=CARTESIAN_POINT('',(10.0273812275036,-14.7109985150409,-20.0406009172592));
#357=CARTESIAN_POINT('',(10.4818407191128,-14.7109977811678,-19.5900900760206));
#358=CARTESIAN_POINT('',(10.4874241297416,-14.7109977721488,-18.9501977362509));
#365=EDGE_LOOP('',(#721,#722,#723,#724));
#366=AXIS2_PLACEMENT_3D('',#725,#726,#727);
#367=EDGE_LOOP('',(#728,#729,#730,#731));
#369=CARTESIAN_POINT('',(-8.3738644249465,-14.7109995483917,-20.0405999999969));
#370=CARTESIAN_POINT('',(-9.01378122750551,-14.710998515032,-20.0406009172586));
#371=CARTESIAN_POINT('',(-9.4682407191145,-14.7109977811591,-19.5900900760201));
#372=CARTESIAN_POINT('',(-9.47382412974451,-14.7109977721429,-18.9501977362509));
#373=CARTESIAN_POINT('',(-8.37386468949445,-14.8748235951177,-20.0405999999969));
#374=CARTESIAN_POINT('',(-9.01378209738102,-15.2496781057999,-20.0406009172586));
#375=CARTESIAN_POINT('',(-9.46824201888536,-15.5158942602618,-19.5900900760201));
#376=CARTESIAN_POINT('',(-9.4738254347968,-15.5191649458443,-18.950197736251));
#377=CARTESIAN_POINT('',(-8.258023595137,-14.9906646894962,-20.0405999999969));
#378=CARTESIAN_POINT('',(-8.63287810587404,-15.6305820973791,-20.0406009172586));
#379=CARTESIAN_POINT('',(-8.89909426037416,-16.0850420188767,-19.5900900760201));
#380=CARTESIAN_POINT('',(-8.90236494595618,-16.0906254347894,-18.950197736251));
#381=CARTESIAN_POINT('',(-8.0941995483918,-14.9906644249495,-20.0405999999969));
#382=CARTESIAN_POINT('',(-8.09419851503954,-15.6305812275044,-20.0406009172586));
#383=CARTESIAN_POINT('',(-8.0941977811688,-16.0850407191128,-19.5900900760201));
#384=CARTESIAN_POINT('',(-8.09419777215216,-16.0906241297416,-18.9501977362509));
#391=EDGE_LOOP('',(#732,#733,#734,#735));
#392=AXIS2_PLACEMENT_3D('',#736,#737,#738);
#393=EDGE_LOOP('',(#739,#740,#741,#742));
#394=AXIS2_PLACEMENT_3D('',#743,#744,#745);
#395=EDGE_LOOP('',(#746,#747,#748,#749));
#396=AXIS2_PLACEMENT_3D('',#750,#751,#752);
#397=EDGE_LOOP('',(#753,#754,#755,#756));
#399=CARTESIAN_POINT('',(-13.1538644249446,5.10100045160829,-20.0405999999969));
#400=CARTESIAN_POINT('',(-13.7937812275039,5.10100148495992,-20.0406009172592));
#401=CARTESIAN_POINT('',(-14.2482407191179,5.10100221883111,-19.5900900760207));
#402=CARTESIAN_POINT('',(-14.2538241297429,5.10100222784774,-18.950197736251));
#403=CARTESIAN_POINT('',(-13.1538646894897,4.93717640488479,-20.0405999999969));
#404=CARTESIAN_POINT('',(-13.7937820973764,4.5623218941964,-20.0406009172592));
#405=CARTESIAN_POINT('',(-14.2482420188807,4.29610573973142,-19.5900900760207));
#406=CARTESIAN_POINT('',(-14.2538254347905,4.29283505414993,-18.950197736251));
#407=CARTESIAN_POINT('',(-13.0380235951344,4.82133531050792,-20.0405999999969));
#408=CARTESIAN_POINT('',(-13.4128781058689,4.18141790262305,-20.0406009172592));
#409=CARTESIAN_POINT('',(-13.6790942603692,3.72695798112021,-19.5900900760207));
#410=CARTESIAN_POINT('',(-13.682364945948,3.72137456520887,-18.950197736251));
#411=CARTESIAN_POINT('',(-12.8741995483916,4.82133557505498,-20.0405999999969));
#412=CARTESIAN_POINT('',(-12.8741985150409,4.18141877249573,-20.0406009172592));
#413=CARTESIAN_POINT('',(-12.8741977811678,3.72695928088564,-19.5900900760207));
#414=CARTESIAN_POINT('',(-12.8741977721488,3.72137587025602,-18.950197736251));
#421=EDGE_LOOP('',(#757,#758,#759,#760));
#422=AXIS2_PLACEMENT_3D('',#761,#762,#763);
#423=EDGE_LOOP('',(#764,#765,#766,#767));
#425=CARTESIAN_POINT('',(-12.8741995483917,14.9906644249445,-20.0405999999969));
#426=CARTESIAN_POINT('',(-12.874198515032,15.6305812275039,-20.0406009172592));
#427=CARTESIAN_POINT('',(-12.8741977811592,16.0850407191179,-19.5900900760207));
#428=CARTESIAN_POINT('',(-12.8741977721429,16.0906241297429,-18.9501977362509));
#429=CARTESIAN_POINT('',(-13.0380235951173,14.9906646894909,-20.0405999999969));
#430=CARTESIAN_POINT('',(-13.4128781058,15.6305820973805,-20.0406009172592));
#431=CARTESIAN_POINT('',(-13.6790942602626,16.0850420188868,-19.5900900760207));
#432=CARTESIAN_POINT('',(-13.6823649458451,16.0906254347966,-18.950197736251));
#433=CARTESIAN_POINT('',(-13.1538646894953,14.8748235951355,-20.0405999999969));
#434=CARTESIAN_POINT('',(-13.7937820973791,15.2496781058725,-20.0406009172592));
#435=CARTESIAN_POINT('',(-14.2482420188776,15.5158942603746,-19.5900900760207));
#436=CARTESIAN_POINT('',(-14.2538254347903,15.5191649459534,-18.950197736251));
#437=CARTESIAN_POINT('',(-13.1538644249484,14.7109995483916,-20.0405999999969));
#438=CARTESIAN_POINT('',(-13.7937812275037,14.7109985150409,-20.0406009172592));
#439=CARTESIAN_POINT('',(-14.2482407191128,14.7109977811679,-19.5900900760206));
#440=CARTESIAN_POINT('',(-14.2538241297416,14.7109977721488,-18.9501977362509));
#447=EDGE_LOOP('',(#768,#769,#770,#771));
#448=AXIS2_PLACEMENT_3D('',#772,#773,#774);
#449=EDGE_LOOP('',(#775,#776,#777,#778,#779,#780));
#450=AXIS2_PLACEMENT_3D('',#781,#782,#783);
#451=EDGE_LOOP('',(#784,#785,#786,#787));
#452=AXIS2_PLACEMENT_3D('',#788,#789,#790);
#453=EDGE_LOOP('',(#791,#792,#793,#794));
#454=AXIS2_PLACEMENT_3D('',#795,#796,#797);
#455=EDGE_LOOP('',(#798,#799,#800,#801));
#456=AXIS2_PLACEMENT_3D('',#802,#803,#804);
#457=EDGE_LOOP('',(#805,#806,#807,#808));
#458=AXIS2_PLACEMENT_3D('',#809,#810,#811);
#459=EDGE_LOOP('',(#812,#813,#814,#815));
#460=AXIS2_PLACEMENT_3D('',#816,#817,#818);
#461=EDGE_LOOP('',(#819,#820,#821,#822));
#462=AXIS2_PLACEMENT_3D('',#823,#824,#825);
#463=EDGE_LOOP('',(#826,#827,#828,#829));
#464=AXIS2_PLACEMENT_3D('',#830,#831,#832);
#465=EDGE_LOOP('',(#833,#834,#835,#836));
#466=AXIS2_PLACEMENT_3D('',#837,#838,#839);
#467=EDGE_LOOP('',(#840,#841,#842,#843,#844,#845,#846,#847,#848,#849,#850,#851));
#468=AXIS2_PLACEMENT_3D('',#852,#853,#854);
#469=EDGE_LOOP('',(#855,#856,#857,#858));
#470=AXIS2_PLACEMENT_3D('',#859,#860,#861);
#471=EDGE_LOOP('',(#862,#863,#864,#865));
#472=AXIS2_PLACEMENT_3D('',#866,#867,#868);
#473=EDGE_LOOP('',(#869,#870,#871,#872));
#474=AXIS2_PLACEMENT_3D('',#873,#874,#875);
#475=EDGE_LOOP('',(#876,#877,#878,#879));
#476=AXIS2_PLACEMENT_3D('',#880,#881,#882);
#477=EDGE_LOOP('',(#883,#884,#885,#886));
#478=AXIS2_PLACEMENT_3D('',#887,#888,#889);
#479=EDGE_LOOP('',(#890,#891,#892,#893));
#480=AXIS2_PLACEMENT_3D('',#894,#895,#896);
#481=EDGE_LOOP('',(#897,#898,#899,#900));
#482=AXIS2_PLACEMENT_3D('',#901,#902,#903);
#483=EDGE_LOOP('',(#904,#905,#906,#907));
#484=AXIS2_PLACEMENT_3D('',#908,#909,#910);
#485=EDGE_LOOP('',(#911,#912,#913,#914));
#486=AXIS2_PLACEMENT_3D('',#915,#916,#917);
#487=EDGE_LOOP('',(#918,#919,#920,#921));
#488=AXIS2_PLACEMENT_3D('',#922,#923,#924);
#489=EDGE_LOOP('',(#925,#926,#927,#928));
#490=AXIS2_PLACEMENT_3D('',#929,#930,#931);
#491=EDGE_LOOP('',(#932,#933,#934,#935));
#492=AXIS2_PLACEMENT_3D('',#936,#937,#938);
#493=EDGE_LOOP('',(#939,#940,#941,#942));
#494=AXIS2_PLACEMENT_3D('',#943,#944,#945);
#495=EDGE_LOOP('',(#946,#947,#948,#949));
#496=AXIS2_PLACEMENT_3D('',#950,#951,#952);
#497=EDGE_LOOP('',(#953,#954,#955,#956));
#498=AXIS2_PLACEMENT_3D('',#957,#958,#959);
#499=EDGE_LOOP('',(#960,#961,#962,#963));
#500=AXIS2_PLACEMENT_3D('',#964,#965,#966);
#501=EDGE_LOOP('',(#967,#968,#969,#970));
#502=AXIS2_PLACEMENT_3D('',#971,#972,#973);
#503=EDGE_LOOP('',(#974,#975,#976,#977));
#504=AXIS2_PLACEMENT_3D('',#978,#979,#980);
#505=EDGE_LOOP('',(#981,#982,#983,#984));
#506=AXIS2_PLACEMENT_3D('',#985,#986,#987);
#507=EDGE_LOOP('',(#988,#989,#990,#991,#992,#993));
#508=AXIS2_PLACEMENT_3D('',#994,#995,#996);
#509=EDGE_LOOP('',(#997,#998,#999,#1000));
#510=AXIS2_PLACEMENT_3D('',#1001,#1002,#1003);
#511=EDGE_LOOP('',(#1004,#1005,#1006,#1007));
#512=AXIS2_PLACEMENT_3D('',#1008,#1009,#1010);
#513=EDGE_LOOP('',(#1011,#1012,#1013,#1014));
#514=AXIS2_PLACEMENT_3D('',#1015,#1016,#1017);
#515=EDGE_LOOP('',(#1018,#1019,#1020,#1021));
#516=AXIS2_PLACEMENT_3D('',#1022,#1023,#1024);
#517=EDGE_LOOP('',(#1025,#1026,#1027,#1028));
#518=AXIS2_PLACEMENT_3D('',#1029,#1030,#1031);
#519=EDGE_LOOP('',(#1032,#1033,#1034,#1035));
#520=AXIS2_PLACEMENT_3D('',#1036,#1037,#1038);
#521=EDGE_LOOP('',(#1039,#1040,#1041,#1042));
#522=AXIS2_PLACEMENT_3D('',#1043,#1044,#1045);
#523=EDGE_LOOP('',(#1046,#1047,#1048,#1049));
#524=AXIS2_PLACEMENT_3D('',#1050,#1051,#1052);
#525=EDGE_LOOP('',(#1053,#1054));
#526=AXIS2_PLACEMENT_3D('',#1055,#1056,#1057);
#527=EDGE_LOOP('',(#1058,#1059));
#528=AXIS2_PLACEMENT_3D('',#1060,#1061,#1062);
#529=EDGE_LOOP('',(#1063,#1064,#1065,#1066));
#530=AXIS2_PLACEMENT_3D('',#1067,#1068,#1069);
#531=EDGE_LOOP('',(#1070,#1071,#1072,#1073));
#532=AXIS2_PLACEMENT_3D('',#1074,#1075,#1076);
#533=EDGE_LOOP('',(#1077,#1078,#1079,#1080));
#534=AXIS2_PLACEMENT_3D('',#1081,#1082,#1083);
#535=EDGE_LOOP('',(#1084,#1085,#1086,#1087));
#536=AXIS2_PLACEMENT_3D('',#1088,#1089,#1090);
#537=EDGE_LOOP('',(#1091,#1092,#1093,#1094));
#538=AXIS2_PLACEMENT_3D('',#1095,#1096,#1097);
#539=EDGE_LOOP('',(#1098,#1099,#1100,#1101));
#540=AXIS2_PLACEMENT_3D('',#1102,#1103,#1104);
#541=EDGE_LOOP('',(#1105,#1106,#1107,#1108));
#542=AXIS2_PLACEMENT_3D('',#1109,#1110,#1111);
#543=EDGE_LOOP('',(#1112,#1113,#1114,#1115));
#544=AXIS2_PLACEMENT_3D('',#1116,#1117,#1118);
#545=EDGE_LOOP('',(#1119,#1120,#1121,#1122));
#546=AXIS2_PLACEMENT_3D('',#1123,#1124,#1125);
#547=EDGE_LOOP('',(#1126,#1127,#1128,#1129));
#548=AXIS2_PLACEMENT_3D('',#1130,#1131,#1132);
#549=EDGE_LOOP('',(#1133,#1134,#1135,#1136));
#550=AXIS2_PLACEMENT_3D('',#1137,#1138,#1139);
#551=EDGE_LOOP('',(#1140,#1141,#1142,#1143));
#552=AXIS2_PLACEMENT_3D('',#1144,#1145,#1146);
#553=EDGE_LOOP('',(#1147,#1148,#1149,#1150));
#554=AXIS2_PLACEMENT_3D('',#1151,#1152,#1153);
#555=EDGE_LOOP('',(#1154,#1155,#1156,#1157));
#556=AXIS2_PLACEMENT_3D('',#1158,#1159,#1160);
#557=EDGE_LOOP('',(#1161,#1162,#1163,#1164));
#558=AXIS2_PLACEMENT_3D('',#1165,#1166,#1167);
#559=ORIENTED_EDGE('',*,*,#1168,.T.);
#560=ORIENTED_EDGE('',*,*,#1169,.F.);
#561=ORIENTED_EDGE('',*,*,#1170,.F.);
#562=ORIENTED_EDGE('',*,*,#1171,.F.);
#563=ORIENTED_EDGE('',*,*,#1172,.T.);
#564=ORIENTED_EDGE('',*,*,#1173,.T.);
#565=ORIENTED_EDGE('',*,*,#1174,.T.);
#566=ORIENTED_EDGE('',*,*,#1175,.T.);
#567=ORIENTED_EDGE('',*,*,#1176,.T.);
#568=ORIENTED_EDGE('',*,*,#1177,.T.);
#569=ORIENTED_EDGE('',*,*,#1178,.T.);
#570=ORIENTED_EDGE('',*,*,#1179,.T.);
#571=ORIENTED_EDGE('',*,*,#1180,.T.);
#572=ORIENTED_EDGE('',*,*,#1181,.F.);
#573=ORIENTED_EDGE('',*,*,#1182,.F.);
#574=ORIENTED_EDGE('',*,*,#1183,.F.);
#575=ORIENTED_EDGE('',*,*,#1184,.T.);
#576=ORIENTED_EDGE('',*,*,#1185,.F.);
#577=ORIENTED_EDGE('',*,*,#1186,.F.);
#578=ORIENTED_EDGE('',*,*,#1187,.F.);
#579=ORIENTED_EDGE('',*,*,#1188,.T.);
#580=ORIENTED_EDGE('',*,*,#1189,.T.);
#581=ORIENTED_EDGE('',*,*,#1190,.T.);
#582=ORIENTED_EDGE('',*,*,#1191,.T.);
#583=ORIENTED_EDGE('',*,*,#1192,.T.);
#584=ORIENTED_EDGE('',*,*,#1193,.T.);
#585=ORIENTED_EDGE('',*,*,#1194,.T.);
#586=ORIENTED_EDGE('',*,*,#1195,.T.);
#587=ORIENTED_EDGE('',*,*,#1196,.F.);
#588=ORIENTED_EDGE('',*,*,#1197,.F.);
#589=ORIENTED_EDGE('',*,*,#1198,.F.);
#590=ORIENTED_EDGE('',*,*,#1199,.F.);
#591=ORIENTED_EDGE('',*,*,#1200,.F.);
#592=ORIENTED_EDGE('',*,*,#1201,.F.);
#593=ORIENTED_EDGE('',*,*,#1202,.F.);
#594=ORIENTED_EDGE('',*,*,#1203,.F.);
#595=ORIENTED_EDGE('',*,*,#1204,.F.);
#596=ORIENTED_EDGE('',*,*,#1205,.F.);
#597=ORIENTED_EDGE('',*,*,#1206,.F.);
#598=ORIENTED_EDGE('',*,*,#1207,.F.);
#599=ORIENTED_EDGE('',*,*,#1208,.F.);
#600=ORIENTED_EDGE('',*,*,#1209,.F.);
#601=ORIENTED_EDGE('',*,*,#1210,.F.);
#602=ORIENTED_EDGE('',*,*,#1211,.F.);
#603=ORIENTED_EDGE('',*,*,#1212,.F.);
#604=ORIENTED_EDGE('',*,*,#1213,.F.);
#605=ORIENTED_EDGE('',*,*,#1214,.F.);
#606=CARTESIAN_POINT('',(0.0,0.0,0.0));
#607=DIRECTION('',(0.0,0.0,1.0));
#608=DIRECTION('',(1.0,0.0,0.0));
#609=ORIENTED_EDGE('',*,*,#1198,.T.);
#610=ORIENTED_EDGE('',*,*,#1215,.T.);
#611=ORIENTED_EDGE('',*,*,#1216,.F.);
#612=ORIENTED_EDGE('',*,*,#1217,.T.);
#613=CARTESIAN_POINT('',(9.578267885406,58.77374964975,-1.09058));
#614=DIRECTION('',(0.0,1.0,-0.0));
#615=DIRECTION('',(0.0,0.0,1.0));
#616=ORIENTED_EDGE('',*,*,#1218,.F.);
#617=ORIENTED_EDGE('',*,*,#1219,.F.);
#618=ORIENTED_EDGE('',*,*,#1220,.F.);
#619=ORIENTED_EDGE('',*,*,#1172,.F.);
#620=ORIENTED_EDGE('',*,*,#1221,.F.);
#621=ORIENTED_EDGE('',*,*,#1222,.F.);
#622=ORIENTED_EDGE('',*,*,#1223,.T.);
#623=ORIENTED_EDGE('',*,*,#1168,.F.);
#624=ORIENTED_EDGE('',*,*,#1217,.F.);
#625=ORIENTED_EDGE('',*,*,#1224,.F.);
#626=ORIENTED_EDGE('',*,*,#1225,.T.);
#627=ORIENTED_EDGE('',*,*,#1195,.F.);
#628=ORIENTED_EDGE('',*,*,#1226,.T.);
#629=ORIENTED_EDGE('',*,*,#1227,.T.);
#630=CARTESIAN_POINT('',(13.03417261506,16.256,0.0));
#631=DIRECTION('',(0.0,0.999961923064171,-0.00872653549837375));
#632=DIRECTION('',(-1.0,0.0,0.0));
#633=ORIENTED_EDGE('',*,*,#1228,.F.);
#634=ORIENTED_EDGE('',*,*,#1227,.F.);
#635=ORIENTED_EDGE('',*,*,#1229,.T.);
#636=ORIENTED_EDGE('',*,*,#1230,.T.);
#637=CARTESIAN_POINT('',(11.54388000244,15.69121626864,-18.8806));
#638=DIRECTION('',(1.0,-0.0,0.0));
#639=DIRECTION('',(0.0,0.999961923064171,-0.00872653549836675));
#640=ORIENTED_EDGE('',*,*,#1231,.F.);
#641=ORIENTED_EDGE('',*,*,#1232,.F.);
#642=ORIENTED_EDGE('',*,*,#1233,.T.);
#643=ORIENTED_EDGE('',*,*,#1234,.T.);
#644=ORIENTED_EDGE('',*,*,#1235,.T.);
#645=ORIENTED_EDGE('',*,*,#1230,.F.);
#646=ORIENTED_EDGE('',*,*,#1236,.T.);
#647=ORIENTED_EDGE('',*,*,#1237,.T.);
#648=CARTESIAN_POINT('',(0.0,0.0,-19.2806));
#649=DIRECTION('',(0.0,0.0,-1.0));
#650=DIRECTION('',(0.0,-1.0,0.0));
#651=ORIENTED_EDGE('',*,*,#1238,.T.);
#652=ORIENTED_EDGE('',*,*,#1237,.F.);
#653=ORIENTED_EDGE('',*,*,#1239,.F.);
#654=ORIENTED_EDGE('',*,*,#1240,.F.);
#655=CARTESIAN_POINT('',(9.5358,12.675,-20.0406));
#656=DIRECTION('',(0.0,0.0,1.0));
#657=DIRECTION('',(-1.0,0.0,0.0));
#658=ORIENTED_EDGE('',*,*,#1241,.T.);
#659=ORIENTED_EDGE('',*,*,#1242,.T.);
#660=ORIENTED_EDGE('',*,*,#1243,.T.);
#661=ORIENTED_EDGE('',*,*,#1244,.T.);
#662=ORIENTED_EDGE('',*,*,#1245,.T.);
#663=ORIENTED_EDGE('',*,*,#1246,.T.);
#664=ORIENTED_EDGE('',*,*,#1247,.T.);
#665=ORIENTED_EDGE('',*,*,#1248,.T.);
#666=ORIENTED_EDGE('',*,*,#1249,.T.);
#667=ORIENTED_EDGE('',*,*,#1250,.T.);
#668=ORIENTED_EDGE('',*,*,#1251,.T.);
#669=ORIENTED_EDGE('',*,*,#1252,.T.);
#670=ORIENTED_EDGE('',*,*,#1253,.T.);
#671=ORIENTED_EDGE('',*,*,#1254,.T.);
#672=ORIENTED_EDGE('',*,*,#1255,.T.);
#673=ORIENTED_EDGE('',*,*,#1256,.F.);
#674=ORIENTED_EDGE('',*,*,#1257,.F.);
#675=CARTESIAN_POINT('',(0.0,0.0,-20.0406));
#676=DIRECTION('',(0.0,0.0,1.0));
#677=DIRECTION('',(1.0,0.0,0.0));
#678=ORIENTED_EDGE('',*,*,#1258,.T.);
#679=ORIENTED_EDGE('',*,*,#1240,.T.);
#680=CARTESIAN_POINT('',(0.0,0.0,-20.0406));
#681=DIRECTION('',(0.0,0.0,1.0));
#682=DIRECTION('',(1.0,0.0,0.0));
#683=ORIENTED_EDGE('',*,*,#1257,.T.);
#684=ORIENTED_EDGE('',*,*,#1259,.T.);
#685=ORIENTED_EDGE('',*,*,#1233,.F.);
#686=ORIENTED_EDGE('',*,*,#1260,.T.);
#687=ORIENTED_EDGE('',*,*,#1261,.F.);
#688=ORIENTED_EDGE('',*,*,#1262,.F.);
#689=CARTESIAN_POINT('',(13.0058,10.775,-20.0406));
#690=DIRECTION('',(0.0,-1.0,0.0));
#691=DIRECTION('',(0.0,0.0,-1.0));
#692=ORIENTED_EDGE('',*,*,#1263,.T.);
#693=ORIENTED_EDGE('',*,*,#1264,.F.);
#694=ORIENTED_EDGE('',*,*,#1241,.F.);
#695=ORIENTED_EDGE('',*,*,#1262,.T.);
#696=CARTESIAN_POINT('',(11.7474660017,14.81410335649,-18.9406));
#697=DIRECTION('',(0.0,1.0,0.0));
#698=DIRECTION('',(0.0,0.0,-1.0));
#699=ORIENTED_EDGE('',*,*,#1264,.T.);
#700=ORIENTED_EDGE('',*,*,#1265,.T.);
#701=ORIENTED_EDGE('',*,*,#1266,.F.);
#702=ORIENTED_EDGE('',*,*,#1242,.F.);
#703=ORIENTED_EDGE('',*,*,#1266,.T.);
#704=ORIENTED_EDGE('',*,*,#1267,.T.);
#705=ORIENTED_EDGE('',*,*,#1268,.F.);
#706=ORIENTED_EDGE('',*,*,#1243,.F.);
#707=CARTESIAN_POINT('',(11.7478,-2.358823835632,-18.9406));
#708=DIRECTION('',(0.0,0.0,1.0));
#709=DIRECTION('',(-0.0448644917218195,0.99899308174909,0.0));
#710=ORIENTED_EDGE('',*,*,#1268,.T.);
#711=ORIENTED_EDGE('',*,*,#1269,.T.);
#712=ORIENTED_EDGE('',*,*,#1270,.F.);
#713=ORIENTED_EDGE('',*,*,#1244,.F.);
#714=CARTESIAN_POINT('',(9.387466001698,-2.25572047914,-18.9406));
#715=DIRECTION('',(0.0,1.0,0.0));
#716=DIRECTION('',(0.0,0.0,-1.0));
#717=ORIENTED_EDGE('',*,*,#1270,.T.);
#718=ORIENTED_EDGE('',*,*,#1271,.T.);
#719=ORIENTED_EDGE('',*,*,#1272,.F.);
#720=ORIENTED_EDGE('',*,*,#1245,.F.);
#721=ORIENTED_EDGE('',*,*,#1272,.T.);
#722=ORIENTED_EDGE('',*,*,#1273,.T.);
#723=ORIENTED_EDGE('',*,*,#1274,.F.);
#724=ORIENTED_EDGE('',*,*,#1246,.F.);
#725=CARTESIAN_POINT('',(9.210903356493,-14.9906660017,-18.9406));
#726=DIRECTION('',(1.0,-0.0,0.0));
#727=DIRECTION('',(0.0,0.0,-1.0));
#728=ORIENTED_EDGE('',*,*,#1274,.T.);
#729=ORIENTED_EDGE('',*,*,#1275,.T.);
#730=ORIENTED_EDGE('',*,*,#1276,.F.);
#731=ORIENTED_EDGE('',*,*,#1247,.F.);
#732=ORIENTED_EDGE('',*,*,#1276,.T.);
#733=ORIENTED_EDGE('',*,*,#1277,.T.);
#734=ORIENTED_EDGE('',*,*,#1278,.F.);
#735=ORIENTED_EDGE('',*,*,#1248,.F.);
#736=CARTESIAN_POINT('',(-8.373866001698,-14.81410335649,-18.9406));
#737=DIRECTION('',(0.0,-1.0,-0.0));
#738=DIRECTION('',(0.0,0.0,-1.0));
#739=ORIENTED_EDGE('',*,*,#1278,.T.);
#740=ORIENTED_EDGE('',*,*,#1279,.T.);
#741=ORIENTED_EDGE('',*,*,#1280,.F.);
#742=ORIENTED_EDGE('',*,*,#1249,.F.);
#743=CARTESIAN_POINT('',(-10.7342,2.461,-18.9406));
#744=DIRECTION('',(0.0,0.0,1.0));
#745=DIRECTION('',(0.99811678352993,-0.0613423706410818,0.0));
#746=ORIENTED_EDGE('',*,*,#1280,.T.);
#747=ORIENTED_EDGE('',*,*,#1281,.T.);
#748=ORIENTED_EDGE('',*,*,#1282,.F.);
#749=ORIENTED_EDGE('',*,*,#1250,.F.);
#750=CARTESIAN_POINT('',(-10.63109664351,4.821333998302,-18.9406));
#751=DIRECTION('',(1.0,-0.0,0.0));
#752=DIRECTION('',(0.0,0.0,-1.0));
#753=ORIENTED_EDGE('',*,*,#1282,.T.);
#754=ORIENTED_EDGE('',*,*,#1283,.T.);
#755=ORIENTED_EDGE('',*,*,#1284,.F.);
#756=ORIENTED_EDGE('',*,*,#1251,.F.);
#757=ORIENTED_EDGE('',*,*,#1284,.T.);
#758=ORIENTED_EDGE('',*,*,#1285,.T.);
#759=ORIENTED_EDGE('',*,*,#1286,.F.);
#760=ORIENTED_EDGE('',*,*,#1252,.F.);
#761=CARTESIAN_POINT('',(-13.1538660017,4.997896643507,-18.9406));
#762=DIRECTION('',(0.0,-1.0,-0.0));
#763=DIRECTION('',(0.0,0.0,-1.0));
#764=ORIENTED_EDGE('',*,*,#1286,.T.);
#765=ORIENTED_EDGE('',*,*,#1287,.T.);
#766=ORIENTED_EDGE('',*,*,#1288,.F.);
#767=ORIENTED_EDGE('',*,*,#1253,.F.);
#768=ORIENTED_EDGE('',*,*,#1254,.F.);
#769=ORIENTED_EDGE('',*,*,#1288,.T.);
#770=ORIENTED_EDGE('',*,*,#1219,.T.);
#771=ORIENTED_EDGE('',*,*,#1289,.T.);
#772=CARTESIAN_POINT('',(-12.97730335649,14.9906660017,-18.9406));
#773=DIRECTION('',(-1.0,0.0,-0.0));
#774=DIRECTION('',(0.0,0.0,-1.0));
#775=ORIENTED_EDGE('',*,*,#1290,.F.);
#776=ORIENTED_EDGE('',*,*,#1255,.F.);
#777=ORIENTED_EDGE('',*,*,#1289,.F.);
#778=ORIENTED_EDGE('',*,*,#1218,.T.);
#779=ORIENTED_EDGE('',*,*,#1228,.T.);
#780=ORIENTED_EDGE('',*,*,#1235,.F.);
#781=CARTESIAN_POINT('',(7.5058,11.415,-20.0406));
#782=DIRECTION('',(-1.0,0.0,0.0));
#783=DIRECTION('',(0.0,0.0,1.0));
#784=ORIENTED_EDGE('',*,*,#1290,.T.);
#785=ORIENTED_EDGE('',*,*,#1234,.F.);
#786=ORIENTED_EDGE('',*,*,#1259,.F.);
#787=ORIENTED_EDGE('',*,*,#1256,.T.);
#788=CARTESIAN_POINT('',(8.1458,11.415,-20.0406));
#789=DIRECTION('',(0.0,0.0,1.0));
#790=DIRECTION('',(-1.0,0.0,0.0));
#791=ORIENTED_EDGE('',*,*,#1291,.F.);
#792=ORIENTED_EDGE('',*,*,#1173,.F.);
#793=ORIENTED_EDGE('',*,*,#1220,.T.);
#794=ORIENTED_EDGE('',*,*,#1287,.F.);
#795=CARTESIAN_POINT('',(-12.8742,14.711,-9.475099639212));
#796=DIRECTION('',(-0.0,-0.0,1.0));
#797=DIRECTION('',(1.0,0.0,0.0));
#798=ORIENTED_EDGE('',*,*,#1292,.F.);
#799=ORIENTED_EDGE('',*,*,#1174,.F.);
#800=ORIENTED_EDGE('',*,*,#1291,.T.);
#801=ORIENTED_EDGE('',*,*,#1285,.F.);
#802=CARTESIAN_POINT('',(-14.4192,16.27737261506,0.0));
#803=DIRECTION('',(-0.999961923064171,0.0,-0.00872653549837375));
#804=DIRECTION('',(-0.00872653549837375,0.0,0.999961923064171));
#805=ORIENTED_EDGE('',*,*,#1293,.F.);
#806=ORIENTED_EDGE('',*,*,#1175,.F.);
#807=ORIENTED_EDGE('',*,*,#1292,.T.);
#808=ORIENTED_EDGE('',*,*,#1283,.F.);
#809=CARTESIAN_POINT('',(-12.8742,5.101,-9.475099639212));
#810=DIRECTION('',(-0.0,-0.0,1.0));
#811=DIRECTION('',(1.0,0.0,0.0));
#812=ORIENTED_EDGE('',*,*,#1294,.F.);
#813=ORIENTED_EDGE('',*,*,#1176,.F.);
#814=ORIENTED_EDGE('',*,*,#1293,.T.);
#815=ORIENTED_EDGE('',*,*,#1281,.F.);
#816=CARTESIAN_POINT('',(-14.44057261506,3.556,0.0));
#817=DIRECTION('',(0.0,-0.999961923064171,-0.00872653549837375));
#818=DIRECTION('',(0.0,0.00872653549837375,-0.999961923064171));
#819=ORIENTED_EDGE('',*,*,#1295,.F.);
#820=ORIENTED_EDGE('',*,*,#1177,.F.);
#821=ORIENTED_EDGE('',*,*,#1294,.T.);
#822=ORIENTED_EDGE('',*,*,#1279,.F.);
#823=CARTESIAN_POINT('',(-10.7342,2.461,-9.475099603889));
#824=DIRECTION('',(-0.0,-0.0,-1.0));
#825=DIRECTION('',(-1.0,0.0,0.0));
#826=ORIENTED_EDGE('',*,*,#1296,.F.);
#827=ORIENTED_EDGE('',*,*,#1178,.F.);
#828=ORIENTED_EDGE('',*,*,#1295,.T.);
#829=ORIENTED_EDGE('',*,*,#1277,.F.);
#830=CARTESIAN_POINT('',(-9.6392,4.027372615058,0.0));
#831=DIRECTION('',(-0.999961923064171,0.0,-0.00872653549837375));
#832=DIRECTION('',(-0.00872653549837375,0.0,0.999961923064171));
#833=ORIENTED_EDGE('',*,*,#1297,.F.);
#834=ORIENTED_EDGE('',*,*,#1179,.F.);
#835=ORIENTED_EDGE('',*,*,#1296,.T.);
#836=ORIENTED_EDGE('',*,*,#1275,.F.);
#837=CARTESIAN_POINT('',(-8.0942,-14.711,-9.475099639212));
#838=DIRECTION('',(-0.0,-0.0,1.0));
#839=DIRECTION('',(1.0,0.0,0.0));
#840=ORIENTED_EDGE('',*,*,#1298,.F.);
#841=ORIENTED_EDGE('',*,*,#1299,.T.);
#842=ORIENTED_EDGE('',*,*,#1184,.F.);
#843=ORIENTED_EDGE('',*,*,#1300,.F.);
#844=ORIENTED_EDGE('',*,*,#1301,.F.);
#845=ORIENTED_EDGE('',*,*,#1302,.T.);
#846=ORIENTED_EDGE('',*,*,#1180,.F.);
#847=ORIENTED_EDGE('',*,*,#1297,.T.);
#848=ORIENTED_EDGE('',*,*,#1273,.F.);
#849=ORIENTED_EDGE('',*,*,#1303,.F.);
#850=ORIENTED_EDGE('',*,*,#1188,.F.);
#851=ORIENTED_EDGE('',*,*,#1304,.F.);
#852=CARTESIAN_POINT('',(-9.660572615058,-16.256,0.0));
#853=DIRECTION('',(0.0,-0.999961923064171,-0.00872653549837375));
#854=DIRECTION('',(0.0,0.00872653549837375,-0.999961923064171));
#855=ORIENTED_EDGE('',*,*,#1187,.T.);
#856=ORIENTED_EDGE('',*,*,#1305,.T.);
#857=ORIENTED_EDGE('',*,*,#1306,.F.);
#858=ORIENTED_EDGE('',*,*,#1304,.T.);
#859=CARTESIAN_POINT('',(7.272332114594,-58.77374964975,-1.09058));
#860=DIRECTION('',(0.0,-1.0,0.0));
#861=DIRECTION('',(0.0,0.0,1.0));
#862=ORIENTED_EDGE('',*,*,#1307,.T.);
#863=ORIENTED_EDGE('',*,*,#1308,.T.);
#864=ORIENTED_EDGE('',*,*,#1222,.T.);
#865=ORIENTED_EDGE('',*,*,#1309,.T.);
#866=CARTESIAN_POINT('',(0.0,0.0,0.4064));
#867=DIRECTION('',(0.0,0.0,1.0));
#868=DIRECTION('',(1.0,0.0,0.0));
#869=ORIENTED_EDGE('',*,*,#1224,.T.);
#870=ORIENTED_EDGE('',*,*,#1216,.T.);
#871=ORIENTED_EDGE('',*,*,#1310,.T.);
#872=ORIENTED_EDGE('',*,*,#1311,.T.);
#873=CARTESIAN_POINT('',(0.0,0.0,0.4064));
#874=DIRECTION('',(0.0,0.0,1.0));
#875=DIRECTION('',(1.0,0.0,0.0));
#876=ORIENTED_EDGE('',*,*,#1312,.T.);
#877=ORIENTED_EDGE('',*,*,#1313,.T.);
#878=ORIENTED_EDGE('',*,*,#1298,.T.);
#879=ORIENTED_EDGE('',*,*,#1306,.T.);
#880=CARTESIAN_POINT('',(0.0,0.0,0.4064));
#881=DIRECTION('',(0.0,0.0,1.0));
#882=DIRECTION('',(1.0,0.0,0.0));
#883=ORIENTED_EDGE('',*,*,#1314,.T.);
#884=ORIENTED_EDGE('',*,*,#1315,.T.);
#885=ORIENTED_EDGE('',*,*,#1301,.T.);
#886=ORIENTED_EDGE('',*,*,#1316,.T.);
#887=CARTESIAN_POINT('',(0.0,0.0,0.4064));
#888=DIRECTION('',(0.0,0.0,1.0));
#889=DIRECTION('',(1.0,0.0,0.0));
#890=ORIENTED_EDGE('',*,*,#1171,.T.);
#891=ORIENTED_EDGE('',*,*,#1317,.T.);
#892=ORIENTED_EDGE('',*,*,#1309,.F.);
#893=ORIENTED_EDGE('',*,*,#1221,.T.);
#894=CARTESIAN_POINT('',(-11.03373211459,58.77374964975,-1.09058));
#895=DIRECTION('',(0.0,1.0,-0.0));
#896=DIRECTION('',(0.0,0.0,1.0));
#897=ORIENTED_EDGE('',*,*,#1170,.T.);
#898=ORIENTED_EDGE('',*,*,#1318,.T.);
#899=ORIENTED_EDGE('',*,*,#1307,.F.);
#900=ORIENTED_EDGE('',*,*,#1317,.F.);
#901=CARTESIAN_POINT('',(-12.0592,15.901,0.0));
#902=DIRECTION('',(0.0,-1.0,0.0));
#903=DIRECTION('',(0.0,0.0,-1.0));
#904=ORIENTED_EDGE('',*,*,#1308,.F.);
#905=ORIENTED_EDGE('',*,*,#1318,.F.);
#906=ORIENTED_EDGE('',*,*,#1169,.T.);
#907=ORIENTED_EDGE('',*,*,#1223,.F.);
#908=CARTESIAN_POINT('',(-10.98466788541,-58.71663648828,-1.09058));
#909=DIRECTION('',(0.0,-1.0,0.0));
#910=DIRECTION('',(0.0,0.0,1.0));
#911=ORIENTED_EDGE('',*,*,#1311,.F.);
#912=ORIENTED_EDGE('',*,*,#1319,.F.);
#913=ORIENTED_EDGE('',*,*,#1196,.T.);
#914=ORIENTED_EDGE('',*,*,#1225,.F.);
#915=CARTESIAN_POINT('',(9.627332114594,-58.72065312362,-1.09058));
#916=DIRECTION('',(0.0,-1.0,0.0));
#917=DIRECTION('',(0.685024439475799,0.0,0.728520087108699));
#918=ORIENTED_EDGE('',*,*,#1197,.T.);
#919=ORIENTED_EDGE('',*,*,#1319,.T.);
#920=ORIENTED_EDGE('',*,*,#1310,.F.);
#921=ORIENTED_EDGE('',*,*,#1215,.F.);
#922=CARTESIAN_POINT('',(8.5528,15.901,0.0));
#923=DIRECTION('',(0.0,-1.0,0.0));
#924=DIRECTION('',(0.0,0.0,-1.0));
#925=ORIENTED_EDGE('',*,*,#1313,.F.);
#926=ORIENTED_EDGE('',*,*,#1320,.F.);
#927=ORIENTED_EDGE('',*,*,#1185,.T.);
#928=ORIENTED_EDGE('',*,*,#1299,.F.);
#929=CARTESIAN_POINT('',(7.223267885406,48.55702458562,-1.09058));
#930=DIRECTION('',(0.0,1.0,-0.0));
#931=DIRECTION('',(0.0,0.0,1.0));
#932=ORIENTED_EDGE('',*,*,#1186,.T.);
#933=ORIENTED_EDGE('',*,*,#1320,.T.);
#934=ORIENTED_EDGE('',*,*,#1312,.F.);
#935=ORIENTED_EDGE('',*,*,#1305,.F.);
#936=CARTESIAN_POINT('',(8.2978,-15.901,0.0));
#937=DIRECTION('',(-0.0,1.0,0.0));
#938=DIRECTION('',(1.0,0.0,0.0));
#939=ORIENTED_EDGE('',*,*,#1183,.T.);
#940=ORIENTED_EDGE('',*,*,#1321,.T.);
#941=ORIENTED_EDGE('',*,*,#1316,.F.);
#942=ORIENTED_EDGE('',*,*,#1300,.T.);
#943=CARTESIAN_POINT('',(-6.209667885406,-58.77374964975,-1.09058));
#944=DIRECTION('',(0.0,-1.0,0.0));
#945=DIRECTION('',(0.0,0.0,1.0));
#946=ORIENTED_EDGE('',*,*,#1182,.T.);
#947=ORIENTED_EDGE('',*,*,#1322,.T.);
#948=ORIENTED_EDGE('',*,*,#1314,.F.);
#949=ORIENTED_EDGE('',*,*,#1321,.F.);
#950=CARTESIAN_POINT('',(-5.1842,-15.901,0.0));
#951=DIRECTION('',(-0.0,1.0,0.0));
#952=DIRECTION('',(1.0,0.0,0.0));
#953=ORIENTED_EDGE('',*,*,#1315,.F.);
#954=ORIENTED_EDGE('',*,*,#1322,.F.);
#955=ORIENTED_EDGE('',*,*,#1181,.T.);
#956=ORIENTED_EDGE('',*,*,#1302,.F.);
#957=CARTESIAN_POINT('',(-6.258732114594,58.4696674464,-1.09058));
#958=DIRECTION('',(0.0,1.0,-0.0));
#959=DIRECTION('',(0.0,0.0,1.0));
#960=ORIENTED_EDGE('',*,*,#1323,.F.);
#961=ORIENTED_EDGE('',*,*,#1189,.F.);
#962=ORIENTED_EDGE('',*,*,#1303,.T.);
#963=ORIENTED_EDGE('',*,*,#1271,.F.);
#964=CARTESIAN_POINT('',(9.1078,-14.711,-9.475099639212));
#965=DIRECTION('',(-0.0,-0.0,1.0));
#966=DIRECTION('',(1.0,0.0,0.0));
#967=ORIENTED_EDGE('',*,*,#1324,.F.);
#968=ORIENTED_EDGE('',*,*,#1190,.F.);
#969=ORIENTED_EDGE('',*,*,#1323,.T.);
#970=ORIENTED_EDGE('',*,*,#1269,.F.);
#971=CARTESIAN_POINT('',(10.6528,-16.27737261506,0.0));
#972=DIRECTION('',(0.999961923064171,0.0,-0.00872653549837375));
#973=DIRECTION('',(0.0,-1.0,0.0));
#974=ORIENTED_EDGE('',*,*,#1325,.F.);
#975=ORIENTED_EDGE('',*,*,#1191,.F.);
#976=ORIENTED_EDGE('',*,*,#1324,.T.);
#977=ORIENTED_EDGE('',*,*,#1267,.F.);
#978=CARTESIAN_POINT('',(11.7478,-2.358823835632,-9.475099601585));
#979=DIRECTION('',(-0.0,-0.0,-1.0));
#980=DIRECTION('',(-1.0,0.0,0.0));
#981=ORIENTED_EDGE('',*,*,#1326,.F.);
#982=ORIENTED_EDGE('',*,*,#1192,.F.);
#983=ORIENTED_EDGE('',*,*,#1325,.T.);
#984=ORIENTED_EDGE('',*,*,#1265,.F.);
#985=CARTESIAN_POINT('',(11.4678,0.2662856858923,-9.475099632015));
#986=DIRECTION('',(-0.0,-0.0,1.0));
#987=DIRECTION('',(1.0,0.0,0.0));
#988=ORIENTED_EDGE('',*,*,#1327,.F.);
#989=ORIENTED_EDGE('',*,*,#1193,.F.);
#990=ORIENTED_EDGE('',*,*,#1326,.T.);
#991=ORIENTED_EDGE('',*,*,#1263,.F.);
#992=ORIENTED_EDGE('',*,*,#1261,.T.);
#993=ORIENTED_EDGE('',*,*,#1328,.T.);
#994=CARTESIAN_POINT('',(13.0128,-1.300086929166,0.0));
#995=DIRECTION('',(0.999961923064171,0.0,-0.00872653549837375));
#996=DIRECTION('',(0.0,-1.0,0.0));
#997=ORIENTED_EDGE('',*,*,#1260,.F.);
#998=ORIENTED_EDGE('',*,*,#1232,.T.);
#999=ORIENTED_EDGE('',*,*,#1329,.F.);
#1000=ORIENTED_EDGE('',*,*,#1328,.F.);
#1001=CARTESIAN_POINT('',(12.44801626864,-58.65143649217,-18.8806));
#1002=DIRECTION('',(0.0,-1.0,0.0));
#1003=DIRECTION('',(0.999961923064171,0.0,-0.00872653549836675));
#1004=ORIENTED_EDGE('',*,*,#1329,.T.);
#1005=ORIENTED_EDGE('',*,*,#1231,.T.);
#1006=ORIENTED_EDGE('',*,*,#1229,.F.);
#1007=ORIENTED_EDGE('',*,*,#1330,.F.);
#1008=CARTESIAN_POINT('',(11.4678,14.711,-18.8806));
#1009=DIRECTION('',(-1.44780558397047E-14,7.53933090930117E-16,1.0));
#1010=DIRECTION('',(0.998646890472343,-0.0520037320768422,1.44976727788706E-14));
#1011=ORIENTED_EDGE('',*,*,#1226,.F.);
#1012=ORIENTED_EDGE('',*,*,#1194,.F.);
#1013=ORIENTED_EDGE('',*,*,#1327,.T.);
#1014=ORIENTED_EDGE('',*,*,#1330,.T.);
#1015=CARTESIAN_POINT('',(11.4678,14.711,-9.4420453071));
#1016=DIRECTION('',(-0.0,-0.0,1.0));
#1017=DIRECTION('',(1.0,0.0,0.0));
#1018=ORIENTED_EDGE('',*,*,#1239,.T.);
#1019=ORIENTED_EDGE('',*,*,#1236,.F.);
#1020=ORIENTED_EDGE('',*,*,#1238,.F.);
#1021=ORIENTED_EDGE('',*,*,#1258,.F.);
#1022=CARTESIAN_POINT('',(9.5358,12.675,-20.0406));
#1023=DIRECTION('',(0.0,0.0,1.0));
#1024=DIRECTION('',(-1.0,0.0,0.0));
#1025=ORIENTED_EDGE('',*,*,#1331,.T.);
#1026=ORIENTED_EDGE('',*,*,#1332,.F.);
#1027=ORIENTED_EDGE('',*,*,#1333,.F.);
#1028=ORIENTED_EDGE('',*,*,#1202,.T.);
#1029=CARTESIAN_POINT('',(-9.8218,6.5024,0.0));
#1030=DIRECTION('',(-1.0,0.0,0.0));
#1031=DIRECTION('',(0.0,0.0,1.0));
#1032=ORIENTED_EDGE('',*,*,#1333,.T.);
#1033=ORIENTED_EDGE('',*,*,#1334,.F.);
#1034=ORIENTED_EDGE('',*,*,#1335,.F.);
#1035=ORIENTED_EDGE('',*,*,#1199,.T.);
#1036=CARTESIAN_POINT('',(-8.247,6.5024,0.0));
#1037=DIRECTION('',(-0.0,1.0,0.0));
#1038=DIRECTION('',(1.0,0.0,0.0));
#1039=ORIENTED_EDGE('',*,*,#1335,.T.);
#1040=ORIENTED_EDGE('',*,*,#1336,.F.);
#1041=ORIENTED_EDGE('',*,*,#1337,.F.);
#1042=ORIENTED_EDGE('',*,*,#1200,.T.);
#1043=CARTESIAN_POINT('',(-8.247,5.6896,0.0));
#1044=DIRECTION('',(1.0,0.0,0.0));
#1045=DIRECTION('',(0.0,1.0,0.0));
#1046=ORIENTED_EDGE('',*,*,#1337,.T.);
#1047=ORIENTED_EDGE('',*,*,#1338,.F.);
#1048=ORIENTED_EDGE('',*,*,#1331,.F.);
#1049=ORIENTED_EDGE('',*,*,#1201,.T.);
#1050=CARTESIAN_POINT('',(-9.8218,5.6896,0.0));
#1051=DIRECTION('',(0.0,-1.0,0.0));
#1052=DIRECTION('',(0.0,0.0,-1.0));
#1053=ORIENTED_EDGE('',*,*,#1339,.T.);
#1054=ORIENTED_EDGE('',*,*,#1340,.T.);
#1055=CARTESIAN_POINT('',(0.0,0.0,3.7084));
#1056=DIRECTION('',(0.0,0.0,1.0));
#1057=DIRECTION('',(1.0,0.0,0.0));
#1058=ORIENTED_EDGE('',*,*,#1341,.T.);
#1059=ORIENTED_EDGE('',*,*,#1342,.T.);
#1060=CARTESIAN_POINT('',(0.0,0.0,3.7084));
#1061=DIRECTION('',(0.0,0.0,1.0));
#1062=DIRECTION('',(1.0,0.0,0.0));
#1063=ORIENTED_EDGE('',*,*,#1338,.T.);
#1064=ORIENTED_EDGE('',*,*,#1336,.T.);
#1065=ORIENTED_EDGE('',*,*,#1334,.T.);
#1066=ORIENTED_EDGE('',*,*,#1332,.T.);
#1067=CARTESIAN_POINT('',(0.0,0.0,3.7084));
#1068=DIRECTION('',(0.0,0.0,1.0));
#1069=DIRECTION('',(1.0,0.0,0.0));
#1070=ORIENTED_EDGE('',*,*,#1343,.T.);
#1071=ORIENTED_EDGE('',*,*,#1344,.T.);
#1072=ORIENTED_EDGE('',*,*,#1345,.T.);
#1073=ORIENTED_EDGE('',*,*,#1346,.T.);
#1074=CARTESIAN_POINT('',(0.0,0.0,3.7084));
#1075=DIRECTION('',(0.0,0.0,1.0));
#1076=DIRECTION('',(1.0,0.0,0.0));
#1077=ORIENTED_EDGE('',*,*,#1347,.T.);
#1078=ORIENTED_EDGE('',*,*,#1340,.F.);
#1079=ORIENTED_EDGE('',*,*,#1348,.F.);
#1080=ORIENTED_EDGE('',*,*,#1204,.T.);
#1081=CARTESIAN_POINT('',(-5.2244,-9.144,0.0));
#1082=DIRECTION('',(0.0,0.0,-1.0));
#1083=DIRECTION('',(1.0,0.0,0.0));
#1084=ORIENTED_EDGE('',*,*,#1348,.T.);
#1085=ORIENTED_EDGE('',*,*,#1339,.F.);
#1086=ORIENTED_EDGE('',*,*,#1347,.F.);
#1087=ORIENTED_EDGE('',*,*,#1203,.T.);
#1088=CARTESIAN_POINT('',(-5.2244,-9.144,0.0));
#1089=DIRECTION('',(0.0,0.0,-1.0));
#1090=DIRECTION('',(1.0,0.0,0.0));
#1091=ORIENTED_EDGE('',*,*,#1349,.T.);
#1092=ORIENTED_EDGE('',*,*,#1342,.F.);
#1093=ORIENTED_EDGE('',*,*,#1350,.F.);
#1094=ORIENTED_EDGE('',*,*,#1206,.T.);
#1095=CARTESIAN_POINT('',(4.9356,-9.144,0.0));
#1096=DIRECTION('',(0.0,0.0,-1.0));
#1097=DIRECTION('',(1.0,0.0,0.0));
#1098=ORIENTED_EDGE('',*,*,#1350,.T.);
#1099=ORIENTED_EDGE('',*,*,#1341,.F.);
#1100=ORIENTED_EDGE('',*,*,#1349,.F.);
#1101=ORIENTED_EDGE('',*,*,#1205,.T.);
#1102=CARTESIAN_POINT('',(4.9356,-9.144,0.0));
#1103=DIRECTION('',(0.0,0.0,-1.0));
#1104=DIRECTION('',(1.0,0.0,0.0));
#1105=ORIENTED_EDGE('',*,*,#1351,.T.);
#1106=ORIENTED_EDGE('',*,*,#1346,.F.);
#1107=ORIENTED_EDGE('',*,*,#1352,.F.);
#1108=ORIENTED_EDGE('',*,*,#1210,.T.);
#1109=CARTESIAN_POINT('',(8.1741,4.1275,0.0));
#1110=DIRECTION('',(-1.0,0.0,0.0));
#1111=DIRECTION('',(0.0,0.0,1.0));
#1112=ORIENTED_EDGE('',*,*,#1352,.T.);
#1113=ORIENTED_EDGE('',*,*,#1345,.F.);
#1114=ORIENTED_EDGE('',*,*,#1353,.F.);
#1115=ORIENTED_EDGE('',*,*,#1207,.T.);
#1116=CARTESIAN_POINT('',(9.3171,4.1275,0.0));
#1117=DIRECTION('',(-0.0,1.0,0.0));
#1118=DIRECTION('',(1.0,0.0,0.0));
#1119=ORIENTED_EDGE('',*,*,#1353,.T.);
#1120=ORIENTED_EDGE('',*,*,#1344,.F.);
#1121=ORIENTED_EDGE('',*,*,#1354,.F.);
#1122=ORIENTED_EDGE('',*,*,#1208,.T.);
#1123=CARTESIAN_POINT('',(9.3171,2.9845,0.0));
#1124=DIRECTION('',(1.0,0.0,0.0));
#1125=DIRECTION('',(0.0,1.0,0.0));
#1126=ORIENTED_EDGE('',*,*,#1354,.T.);
#1127=ORIENTED_EDGE('',*,*,#1343,.F.);
#1128=ORIENTED_EDGE('',*,*,#1351,.F.);
#1129=ORIENTED_EDGE('',*,*,#1209,.T.);
#1130=CARTESIAN_POINT('',(8.1741,2.9845,0.0));
#1131=DIRECTION('',(0.0,-1.0,0.0));
#1132=DIRECTION('',(0.0,0.0,-1.0));
#1133=ORIENTED_EDGE('',*,*,#1355,.F.);
#1134=ORIENTED_EDGE('',*,*,#1356,.F.);
#1135=ORIENTED_EDGE('',*,*,#1357,.T.);
#1136=ORIENTED_EDGE('',*,*,#1214,.T.);
#1137=CARTESIAN_POINT('',(-10.027,13.1574,-1.0));
#1138=DIRECTION('',(0.0,-1.0,0.0));
#1139=DIRECTION('',(0.0,0.0,-1.0));
#1140=ORIENTED_EDGE('',*,*,#1357,.F.);
#1141=ORIENTED_EDGE('',*,*,#1358,.F.);
#1142=ORIENTED_EDGE('',*,*,#1359,.T.);
#1143=ORIENTED_EDGE('',*,*,#1211,.T.);
#1144=CARTESIAN_POINT('',(-10.027,14.2774,-1.0));
#1145=DIRECTION('',(-1.0,0.0,0.0));
#1146=DIRECTION('',(0.0,0.0,1.0));
#1147=ORIENTED_EDGE('',*,*,#1359,.F.);
#1148=ORIENTED_EDGE('',*,*,#1360,.F.);
#1149=ORIENTED_EDGE('',*,*,#1361,.T.);
#1150=ORIENTED_EDGE('',*,*,#1212,.T.);
#1151=CARTESIAN_POINT('',(-8.177,14.2774,-1.0));
#1152=DIRECTION('',(-0.0,1.0,0.0));
#1153=DIRECTION('',(1.0,0.0,0.0));
#1154=ORIENTED_EDGE('',*,*,#1361,.F.);
#1155=ORIENTED_EDGE('',*,*,#1362,.F.);
#1156=ORIENTED_EDGE('',*,*,#1355,.T.);
#1157=ORIENTED_EDGE('',*,*,#1213,.T.);
#1158=CARTESIAN_POINT('',(-8.177,13.1574,-1.0));
#1159=DIRECTION('',(1.0,0.0,0.0));
#1160=DIRECTION('',(0.0,1.0,0.0));
#1161=ORIENTED_EDGE('',*,*,#1362,.T.);
#1162=ORIENTED_EDGE('',*,*,#1360,.T.);
#1163=ORIENTED_EDGE('',*,*,#1358,.T.);
#1164=ORIENTED_EDGE('',*,*,#1356,.T.);
#1165=CARTESIAN_POINT('',(0.0,0.0,-1.0));
#1166=DIRECTION('',(0.0,0.0,1.0));
#1167=DIRECTION('',(1.0,0.0,0.0));
#1168=EDGE_CURVE('',#1363,#1364,#1365,.T.);
#1169=EDGE_CURVE('',#1366,#1364,#1367,.T.);
#1170=EDGE_CURVE('',#1368,#1366,#1369,.T.);
#1171=EDGE_CURVE('',#1370,#1368,#1371,.T.);
#1172=EDGE_CURVE('',#1370,#1372,#1373,.T.);
#1173=EDGE_CURVE('',#1372,#1374,#1375,.T.);
#1174=EDGE_CURVE('',#1374,#1376,#1377,.T.);
#1175=EDGE_CURVE('',#1376,#1378,#1379,.T.);
#1176=EDGE_CURVE('',#1378,#1380,#1381,.T.);
#1177=EDGE_CURVE('',#1380,#1382,#1383,.T.);
#1178=EDGE_CURVE('',#1382,#1384,#1385,.T.);
#1179=EDGE_CURVE('',#1384,#1386,#1387,.T.);
#1180=EDGE_CURVE('',#1386,#1388,#1389,.T.);
#1181=EDGE_CURVE('',#1390,#1388,#1391,.T.);
#1182=EDGE_CURVE('',#1392,#1390,#1393,.T.);
#1183=EDGE_CURVE('',#1394,#1392,#1395,.T.);
#1184=EDGE_CURVE('',#1394,#1396,#1397,.T.);
#1185=EDGE_CURVE('',#1398,#1396,#1399,.T.);
#1186=EDGE_CURVE('',#1400,#1398,#1401,.T.);
#1187=EDGE_CURVE('',#1402,#1400,#1403,.T.);
#1188=EDGE_CURVE('',#1402,#1404,#1405,.T.);
#1189=EDGE_CURVE('',#1404,#1406,#1407,.T.);
#1190=EDGE_CURVE('',#1406,#1408,#1409,.T.);
#1191=EDGE_CURVE('',#1408,#1410,#1411,.T.);
#1192=EDGE_CURVE('',#1410,#1412,#1413,.T.);
#1193=EDGE_CURVE('',#1412,#1414,#1415,.T.);
#1194=EDGE_CURVE('',#1414,#1416,#1417,.T.);
#1195=EDGE_CURVE('',#1416,#1418,#1419,.T.);
#1196=EDGE_CURVE('',#1420,#1418,#1421,.T.);
#1197=EDGE_CURVE('',#1422,#1420,#1423,.T.);
#1198=EDGE_CURVE('',#1363,#1422,#1424,.T.);
#1199=EDGE_CURVE('',#1425,#1426,#1427,.T.);
#1200=EDGE_CURVE('',#1428,#1425,#1429,.T.);
#1201=EDGE_CURVE('',#1430,#1428,#1431,.T.);
#1202=EDGE_CURVE('',#1426,#1430,#1432,.T.);
#1203=EDGE_CURVE('',#1433,#1434,#1435,.T.);
#1204=EDGE_CURVE('',#1434,#1433,#1436,.T.);
#1205=EDGE_CURVE('',#1437,#1438,#1439,.T.);
#1206=EDGE_CURVE('',#1438,#1437,#1440,.T.);
#1207=EDGE_CURVE('',#1441,#1442,#1443,.T.);
#1208=EDGE_CURVE('',#1444,#1441,#1445,.T.);
#1209=EDGE_CURVE('',#1446,#1444,#1447,.T.);
#1210=EDGE_CURVE('',#1442,#1446,#1448,.T.);
#1211=EDGE_CURVE('',#1449,#1450,#1451,.T.);
#1212=EDGE_CURVE('',#1452,#1449,#1453,.T.);
#1213=EDGE_CURVE('',#1454,#1452,#1455,.T.);
#1214=EDGE_CURVE('',#1450,#1454,#1456,.T.);
#1215=EDGE_CURVE('',#1422,#1457,#1458,.T.);
#1216=EDGE_CURVE('',#1459,#1457,#1460,.T.);
#1217=EDGE_CURVE('',#1459,#1363,#1461,.T.);
#1218=EDGE_CURVE('',#1462,#1463,#1464,.T.);
#1219=EDGE_CURVE('',#1465,#1462,#1466,.T.);
#1220=EDGE_CURVE('',#1372,#1465,#1467,.T.);
#1221=EDGE_CURVE('',#1468,#1370,#1469,.T.);
#1222=EDGE_CURVE('',#1470,#1468,#1471,.T.);
#1223=EDGE_CURVE('',#1470,#1364,#1472,.T.);
#1224=EDGE_CURVE('',#1473,#1459,#1474,.T.);
#1225=EDGE_CURVE('',#1473,#1418,#1475,.T.);
#1226=EDGE_CURVE('',#1416,#1476,#1477,.T.);
#1227=EDGE_CURVE('',#1476,#1463,#1478,.T.);
#1228=EDGE_CURVE('',#1463,#1479,#1480,.T.);
#1229=EDGE_CURVE('',#1476,#1481,#1482,.T.);
#1230=EDGE_CURVE('',#1481,#1479,#1483,.T.);
#1231=EDGE_CURVE('',#1484,#1481,#1485,.T.);
#1232=EDGE_CURVE('',#1486,#1484,#1487,.T.);
#1233=EDGE_CURVE('',#1486,#1488,#1489,.T.);
#1234=EDGE_CURVE('',#1488,#1490,#1491,.T.);
#1235=EDGE_CURVE('',#1490,#1479,#1492,.T.);
#1236=EDGE_CURVE('',#1493,#1494,#1495,.T.);
#1237=EDGE_CURVE('',#1494,#1493,#1496,.T.);
#1238=EDGE_CURVE('',#1497,#1493,#1498,.T.);
#1239=EDGE_CURVE('',#1499,#1494,#1500,.T.);
#1240=EDGE_CURVE('',#1497,#1499,#1501,.T.);
#1241=EDGE_CURVE('',#1502,#1503,#1504,.T.);
#1242=EDGE_CURVE('',#1503,#1505,#1506,.T.);
#1243=EDGE_CURVE('',#1505,#1507,#1508,.T.);
#1244=EDGE_CURVE('',#1507,#1509,#1510,.T.);
#1245=EDGE_CURVE('',#1509,#1511,#1512,.T.);
#1246=EDGE_CURVE('',#1511,#1513,#1514,.T.);
#1247=EDGE_CURVE('',#1513,#1515,#1516,.T.);
#1248=EDGE_CURVE('',#1515,#1517,#1518,.T.);
#1249=EDGE_CURVE('',#1517,#1519,#1520,.T.);
#1250=EDGE_CURVE('',#1519,#1521,#1522,.T.);
#1251=EDGE_CURVE('',#1521,#1523,#1524,.T.);
#1252=EDGE_CURVE('',#1523,#1525,#1526,.T.);
#1253=EDGE_CURVE('',#1525,#1527,#1528,.T.);
#1254=EDGE_CURVE('',#1527,#1529,#1530,.T.);
#1255=EDGE_CURVE('',#1529,#1531,#1532,.T.);
#1256=EDGE_CURVE('',#1533,#1531,#1534,.T.);
#1257=EDGE_CURVE('',#1502,#1533,#1535,.T.);
#1258=EDGE_CURVE('',#1499,#1497,#1536,.T.);
#1259=EDGE_CURVE('',#1533,#1488,#1537,.T.);
#1260=EDGE_CURVE('',#1486,#1538,#1539,.T.);
#1261=EDGE_CURVE('',#1540,#1538,#1541,.T.);
#1262=EDGE_CURVE('',#1502,#1540,#1542,.T.);
#1263=EDGE_CURVE('',#1540,#1543,#1544,.T.);
#1264=EDGE_CURVE('',#1503,#1543,#1545,.T.);
#1265=EDGE_CURVE('',#1543,#1546,#1547,.T.);
#1266=EDGE_CURVE('',#1505,#1546,#1548,.T.);
#1267=EDGE_CURVE('',#1546,#1549,#1550,.T.);
#1268=EDGE_CURVE('',#1507,#1549,#1551,.T.);
#1269=EDGE_CURVE('',#1549,#1552,#1553,.T.);
#1270=EDGE_CURVE('',#1509,#1552,#1554,.T.);
#1271=EDGE_CURVE('',#1552,#1555,#1556,.T.);
#1272=EDGE_CURVE('',#1511,#1555,#1557,.T.);
#1273=EDGE_CURVE('',#1555,#1558,#1559,.T.);
#1274=EDGE_CURVE('',#1513,#1558,#1560,.T.);
#1275=EDGE_CURVE('',#1558,#1561,#1562,.T.);
#1276=EDGE_CURVE('',#1515,#1561,#1563,.T.);
#1277=EDGE_CURVE('',#1561,#1564,#1565,.T.);
#1278=EDGE_CURVE('',#1517,#1564,#1566,.T.);
#1279=EDGE_CURVE('',#1564,#1567,#1568,.T.);
#1280=EDGE_CURVE('',#1519,#1567,#1569,.T.);
#1281=EDGE_CURVE('',#1567,#1570,#1571,.T.);
#1282=EDGE_CURVE('',#1521,#1570,#1572,.T.);
#1283=EDGE_CURVE('',#1570,#1573,#1574,.T.);
#1284=EDGE_CURVE('',#1523,#1573,#1575,.T.);
#1285=EDGE_CURVE('',#1573,#1576,#1577,.T.);
#1286=EDGE_CURVE('',#1525,#1576,#1578,.T.);
#1287=EDGE_CURVE('',#1576,#1465,#1579,.T.);
#1288=EDGE_CURVE('',#1527,#1465,#1580,.T.);
#1289=EDGE_CURVE('',#1462,#1529,#1581,.T.);
#1290=EDGE_CURVE('',#1531,#1490,#1582,.T.);
#1291=EDGE_CURVE('',#1374,#1576,#1583,.T.);
#1292=EDGE_CURVE('',#1376,#1573,#1584,.T.);
#1293=EDGE_CURVE('',#1378,#1570,#1585,.T.);
#1294=EDGE_CURVE('',#1380,#1567,#1586,.T.);
#1295=EDGE_CURVE('',#1382,#1564,#1587,.T.);
#1296=EDGE_CURVE('',#1384,#1561,#1588,.T.);
#1297=EDGE_CURVE('',#1386,#1558,#1589,.T.);
#1298=EDGE_CURVE('',#1590,#1591,#1592,.T.);
#1299=EDGE_CURVE('',#1590,#1396,#1593,.T.);
#1300=EDGE_CURVE('',#1594,#1394,#1595,.T.);
#1301=EDGE_CURVE('',#1596,#1594,#1597,.T.);
#1302=EDGE_CURVE('',#1596,#1388,#1598,.T.);
#1303=EDGE_CURVE('',#1404,#1555,#1599,.T.);
#1304=EDGE_CURVE('',#1591,#1402,#1600,.T.);
#1305=EDGE_CURVE('',#1400,#1601,#1602,.T.);
#1306=EDGE_CURVE('',#1591,#1601,#1603,.T.);
#1307=EDGE_CURVE('',#1604,#1605,#1606,.T.);
#1308=EDGE_CURVE('',#1605,#1470,#1607,.T.);
#1309=EDGE_CURVE('',#1468,#1604,#1608,.T.);
#1310=EDGE_CURVE('',#1457,#1609,#1610,.T.);
#1311=EDGE_CURVE('',#1609,#1473,#1611,.T.);
#1312=EDGE_CURVE('',#1601,#1612,#1613,.T.);
#1313=EDGE_CURVE('',#1612,#1590,#1614,.T.);
#1314=EDGE_CURVE('',#1615,#1616,#1617,.T.);
#1315=EDGE_CURVE('',#1616,#1596,#1618,.T.);
#1316=EDGE_CURVE('',#1594,#1615,#1619,.T.);
#1317=EDGE_CURVE('',#1368,#1604,#1620,.T.);
#1318=EDGE_CURVE('',#1366,#1605,#1621,.T.);
#1319=EDGE_CURVE('',#1420,#1609,#1622,.T.);
#1320=EDGE_CURVE('',#1398,#1612,#1623,.T.);
#1321=EDGE_CURVE('',#1392,#1615,#1624,.T.);
#1322=EDGE_CURVE('',#1390,#1616,#1625,.T.);
#1323=EDGE_CURVE('',#1406,#1552,#1626,.T.);
#1324=EDGE_CURVE('',#1408,#1549,#1627,.T.);
#1325=EDGE_CURVE('',#1410,#1546,#1628,.T.);
#1326=EDGE_CURVE('',#1412,#1543,#1629,.T.);
#1327=EDGE_CURVE('',#1414,#1630,#1631,.T.);
#1328=EDGE_CURVE('',#1538,#1630,#1632,.T.);
#1329=EDGE_CURVE('',#1630,#1484,#1633,.T.);
#1330=EDGE_CURVE('',#1630,#1476,#1634,.T.);
#1331=EDGE_CURVE('',#1430,#1635,#1636,.T.);
#1332=EDGE_CURVE('',#1637,#1635,#1638,.T.);
#1333=EDGE_CURVE('',#1426,#1637,#1639,.T.);
#1334=EDGE_CURVE('',#1640,#1637,#1641,.T.);
#1335=EDGE_CURVE('',#1425,#1640,#1642,.T.);
#1336=EDGE_CURVE('',#1643,#1640,#1644,.T.);
#1337=EDGE_CURVE('',#1428,#1643,#1645,.T.);
#1338=EDGE_CURVE('',#1635,#1643,#1646,.T.);
#1339=EDGE_CURVE('',#1647,#1648,#1649,.T.);
#1340=EDGE_CURVE('',#1648,#1647,#1650,.T.);
#1341=EDGE_CURVE('',#1651,#1652,#1653,.T.);
#1342=EDGE_CURVE('',#1652,#1651,#1654,.T.);
#1343=EDGE_CURVE('',#1655,#1656,#1657,.T.);
#1344=EDGE_CURVE('',#1656,#1658,#1659,.T.);
#1345=EDGE_CURVE('',#1658,#1660,#1661,.T.);
#1346=EDGE_CURVE('',#1660,#1655,#1662,.T.);
#1347=EDGE_CURVE('',#1433,#1647,#1663,.T.);
#1348=EDGE_CURVE('',#1434,#1648,#1664,.T.);
#1349=EDGE_CURVE('',#1437,#1651,#1665,.T.);
#1350=EDGE_CURVE('',#1438,#1652,#1666,.T.);
#1351=EDGE_CURVE('',#1446,#1655,#1667,.T.);
#1352=EDGE_CURVE('',#1442,#1660,#1668,.T.);
#1353=EDGE_CURVE('',#1441,#1658,#1669,.T.);
#1354=EDGE_CURVE('',#1444,#1656,#1670,.T.);
#1355=EDGE_CURVE('',#1671,#1454,#1672,.T.);
#1356=EDGE_CURVE('',#1673,#1671,#1674,.T.);
#1357=EDGE_CURVE('',#1673,#1450,#1675,.T.);
#1358=EDGE_CURVE('',#1676,#1673,#1677,.T.);
#1359=EDGE_CURVE('',#1676,#1449,#1678,.T.);
#1360=EDGE_CURVE('',#1679,#1676,#1680,.T.);
#1361=EDGE_CURVE('',#1679,#1452,#1681,.T.);
#1362=EDGE_CURVE('',#1671,#1679,#1682,.T.);
#1363=VERTEX_POINT('',#1683);
#1364=VERTEX_POINT('',#1684);
#1365=LINE('',#1685,#1686);
#1366=VERTEX_POINT('',#1687);
#1367=LINE('',#1688,#1689);
#1368=VERTEX_POINT('',#1690);
#1369=LINE('',#1691,#1692);
#1370=VERTEX_POINT('',#1693);
#1371=LINE('',#1694,#1695);
#1372=VERTEX_POINT('',#1696);
#1373=LINE('',#1697,#1698);
#1374=VERTEX_POINT('',#1699);
#1375=CIRCLE('',#1700,1.545);
#1376=VERTEX_POINT('',#1701);
#1377=LINE('',#1702,#1703);
#1378=VERTEX_POINT('',#1704);
#1379=CIRCLE('',#1705,1.545);
#1380=VERTEX_POINT('',#1706);
#1381=LINE('',#1707,#1708);
#1382=VERTEX_POINT('',#1709);
#1383=CIRCLE('',#1710,1.095);
#1384=VERTEX_POINT('',#1711);
#1385=LINE('',#1712,#1713);
#1386=VERTEX_POINT('',#1714);
#1387=CIRCLE('',#1715,1.545);
#1388=VERTEX_POINT('',#1716);
#1389=LINE('',#1717,#1718);
#1390=VERTEX_POINT('',#1719);
#1391=LINE('',#1720,#1721);
#1392=VERTEX_POINT('',#1722);
#1393=LINE('',#1723,#1724);
#1394=VERTEX_POINT('',#1725);
#1395=LINE('',#1726,#1727);
#1396=VERTEX_POINT('',#1728);
#1397=LINE('',#1729,#1730);
#1398=VERTEX_POINT('',#1731);
#1399=LINE('',#1732,#1733);
#1400=VERTEX_POINT('',#1734);
#1401=LINE('',#1735,#1736);
#1402=VERTEX_POINT('',#1737);
#1403=LINE('',#1738,#1739);
#1404=VERTEX_POINT('',#1740);
#1405=LINE('',#1741,#1742);
#1406=VERTEX_POINT('',#1743);
#1407=CIRCLE('',#1744,1.545);
#1408=VERTEX_POINT('',#1745);
#1409=LINE('',#1746,#1747);
#1410=VERTEX_POINT('',#1748);
#1411=CIRCLE('',#1749,1.095);
#1412=VERTEX_POINT('',#1750);
#1413=CIRCLE('',#1751,1.545);
#1414=VERTEX_POINT('',#1752);
#1415=LINE('',#1753,#1754);
#1416=VERTEX_POINT('',#1755);
#1417=CIRCLE('',#1756,1.545);
#1418=VERTEX_POINT('',#1757);
#1419=LINE('',#1758,#1759);
#1420=VERTEX_POINT('',#1760);
#1421=LINE('',#1761,#1762);
#1422=VERTEX_POINT('',#1763);
#1423=LINE('',#1764,#1765);
#1424=LINE('',#1766,#1767);
#1425=VERTEX_POINT('',#1768);
#1426=VERTEX_POINT('',#1769);
#1427=LINE('',#1770,#1771);
#1428=VERTEX_POINT('',#1772);
#1429=LINE('',#1773,#1774);
#1430=VERTEX_POINT('',#1775);
#1431=LINE('',#1776,#1777);
#1432=LINE('',#1778,#1779);
#1433=VERTEX_POINT('',#1780);
#1434=VERTEX_POINT('',#1781);
#1435=CIRCLE('',#1782,0.381);
#1436=CIRCLE('',#1783,0.381);
#1437=VERTEX_POINT('',#1784);
#1438=VERTEX_POINT('',#1785);
#1439=CIRCLE('',#1786,0.381);
#1440=CIRCLE('',#1787,0.381);
#1441=VERTEX_POINT('',#1788);
#1442=VERTEX_POINT('',#1789);
#1443=LINE('',#1790,#1791);
#1444=VERTEX_POINT('',#1792);
#1445=LINE('',#1793,#1794);
#1446=VERTEX_POINT('',#1795);
#1447=LINE('',#1796,#1797);
#1448=LINE('',#1798,#1799);
#1449=VERTEX_POINT('',#1800);
#1450=VERTEX_POINT('',#1801);
#1451=LINE('',#1802,#1803);
#1452=VERTEX_POINT('',#1804);
#1453=LINE('',#1805,#1806);
#1454=VERTEX_POINT('',#1807);
#1455=LINE('',#1808,#1809);
#1456=LINE('',#1810,#1811);
#1457=VERTEX_POINT('',#1812);
#1458=CIRCLE('',#1813,1.49698);
#1459=VERTEX_POINT('',#1814);
#1460=LINE('',#1815,#1816);
#1461=B_SPLINE_CURVE_WITH_KNOTS('',3,(#1817,#1818,#1819,#1820,#1821),.UNSPECIFIED.,.F.,.F.,(4,1,4),(0.0,0.5,1.0),.UNSPECIFIED.);
#1462=VERTEX_POINT('',#1822);
#1463=VERTEX_POINT('',#1823);
#1464=LINE('',#1824,#1825);
#1465=VERTEX_POINT('',#1826);
#1466=LINE('',#1827,#1828);
#1467=LINE('',#1829,#1830);
#1468=VERTEX_POINT('',#1831);
#1469=B_SPLINE_CURVE_WITH_KNOTS('',3,(#1832,#1833,#1834,#1835,#1836),.UNSPECIFIED.,.F.,.F.,(4,1,4),(0.0,0.5,1.0),.UNSPECIFIED.);
#1470=VERTEX_POINT('',#1837);
#1471=LINE('',#1838,#1839);
#1472=B_SPLINE_CURVE_WITH_KNOTS('',3,(#1840,#1841,#1842,#1843,#1844),.UNSPECIFIED.,.F.,.F.,(4,1,4),(0.0,0.5,1.0),.UNSPECIFIED.);
#1473=VERTEX_POINT('',#1845);
#1474=LINE('',#1846,#1847);
#1475=B_SPLINE_CURVE_WITH_KNOTS('',3,(#1848,#1849,#1850,#1851,#1852),.UNSPECIFIED.,.F.,.F.,(4,1,4),(0.0,0.5,1.0),.UNSPECIFIED.);
#1476=VERTEX_POINT('',#1853);
#1477=LINE('',#1854,#1855);
#1478=LINE('',#1856,#1857);
#1479=VERTEX_POINT('',#1858);
#1480=CIRCLE('',#1859,0.4);
#1481=VERTEX_POINT('',#1860);
#1482=CIRCLE('',#1861,0.4);
#1483=LINE('',#1862,#1863);
#1484=VERTEX_POINT('',#1864);
#1485=CIRCLE('',#1865,0.9802162686355);
#1486=VERTEX_POINT('',#1866);
#1487=LINE('',#1867,#1868);
#1488=VERTEX_POINT('',#1869);
#1489=LINE('',#1870,#1871);
#1490=VERTEX_POINT('',#1872);
#1491=CIRCLE('',#1873,0.64);
#1492=LINE('',#1874,#1875);
#1493=VERTEX_POINT('',#1876);
#1494=VERTEX_POINT('',#1877);
#1495=CIRCLE('',#1878,0.81);
#1496=CIRCLE('',#1879,0.81);
#1497=VERTEX_POINT('',#1880);
#1498=LINE('',#1881,#1882);
#1499=VERTEX_POINT('',#1883);
#1500=LINE('',#1884,#1885);
#1501=CIRCLE('',#1886,0.81);
#1502=VERTEX_POINT('',#1887);
#1503=VERTEX_POINT('',#1888);
#1504=LINE('',#1889,#1890);
#1505=VERTEX_POINT('',#1891);
#1506=CIRCLE('',#1892,0.2796658809077);
#1507=VERTEX_POINT('',#1893);
#1508=CIRCLE('',#1894,2.360331925658);
#1509=VERTEX_POINT('',#1895);
#1510=LINE('',#1896,#1897);
#1511=VERTEX_POINT('',#1898);
#1512=CIRCLE('',#1899,0.279665877802);
#1513=VERTEX_POINT('',#1900);
#1514=LINE('',#1901,#1902);
#1515=VERTEX_POINT('',#1903);
#1516=CIRCLE('',#1904,0.279665877802);
#1517=VERTEX_POINT('',#1905);
#1518=LINE('',#1906,#1907);
#1519=VERTEX_POINT('',#1908);
#1520=CIRCLE('',#1909,2.360331608969);
#1521=VERTEX_POINT('',#1910);
#1522=LINE('',#1911,#1912);
#1523=VERTEX_POINT('',#1913);
#1524=CIRCLE('',#1914,0.279665877802);
#1525=VERTEX_POINT('',#1915);
#1526=LINE('',#1916,#1917);
#1527=VERTEX_POINT('',#1918);
#1528=CIRCLE('',#1919,0.279665877802);
#1529=VERTEX_POINT('',#1920);
#1530=LINE('',#1921,#1922);
#1531=VERTEX_POINT('',#1923);
#1532=LINE('',#1924,#1925);
#1533=VERTEX_POINT('',#1926);
#1534=CIRCLE('',#1927,0.64);
#1535=LINE('',#1928,#1929);
#1536=CIRCLE('',#1930,0.81);
#1537=LINE('',#1931,#1932);
#1538=VERTEX_POINT('',#1933);
#1539=CIRCLE('',#1934,0.4);
#1540=VERTEX_POINT('',#1935);
#1541=LINE('',#1936,#1937);
#1542=CIRCLE('',#1938,1.1);
#1543=VERTEX_POINT('',#1939);
#1544=LINE('',#1940,#1941);
#1545=CIRCLE('',#1942,1.1);
#1546=VERTEX_POINT('',#1943);
#1547=CIRCLE('',#1944,1.379624116949);
#1548=CIRCLE('',#1945,1.1);
#1549=VERTEX_POINT('',#1946);
#1550=CIRCLE('',#1947,1.260375882775);
#1551=CIRCLE('',#1948,1.1);
#1552=VERTEX_POINT('',#1949);
#1553=LINE('',#1950,#1951);
#1554=CIRCLE('',#1952,1.1);
#1555=VERTEX_POINT('',#1953);
#1556=CIRCLE('',#1954,1.379624116938);
#1557=CIRCLE('',#1955,1.1);
#1558=VERTEX_POINT('',#1956);
#1559=LINE('',#1957,#1958);
#1560=CIRCLE('',#1959,1.1);
#1561=VERTEX_POINT('',#1960);
#1562=CIRCLE('',#1961,1.379624116938);
#1563=CIRCLE('',#1962,1.1);
#1564=VERTEX_POINT('',#1963);
#1565=LINE('',#1964,#1965);
#1566=CIRCLE('',#1966,1.1);
#1567=VERTEX_POINT('',#1967);
#1568=CIRCLE('',#1968,1.260375882751);
#1569=CIRCLE('',#1969,1.1);
#1570=VERTEX_POINT('',#1970);
#1571=LINE('',#1971,#1972);
#1572=CIRCLE('',#1973,1.1);
#1573=VERTEX_POINT('',#1974);
#1574=CIRCLE('',#1975,1.379624116938);
#1575=CIRCLE('',#1976,1.1);
#1576=VERTEX_POINT('',#1977);
#1577=LINE('',#1978,#1979);
#1578=CIRCLE('',#1980,1.1);
#1579=CIRCLE('',#1981,1.379624116938);
#1580=CIRCLE('',#1982,1.1);
#1581=CIRCLE('',#1983,1.1);
#1582=LINE('',#1984,#1985);
#1583=LINE('',#1986,#1987);
#1584=LINE('',#1988,#1989);
#1585=LINE('',#1990,#1991);
#1586=LINE('',#1992,#1993);
#1587=LINE('',#1994,#1995);
#1588=LINE('',#1996,#1997);
#1589=LINE('',#1998,#1999);
#1590=VERTEX_POINT('',#2000);
#1591=VERTEX_POINT('',#2001);
#1592=LINE('',#2002,#2003);
#1593=B_SPLINE_CURVE_WITH_KNOTS('',3,(#2004,#2005,#2006,#2007,#2008),.UNSPECIFIED.,.F.,.F.,(4,1,4),(0.0,0.5,1.0),.UNSPECIFIED.);
#1594=VERTEX_POINT('',#2009);
#1595=B_SPLINE_CURVE_WITH_KNOTS('',3,(#2010,#2011,#2012,#2013,#2014),.UNSPECIFIED.,.F.,.F.,(4,1,4),(0.0,0.5,1.0),.UNSPECIFIED.);
#1596=VERTEX_POINT('',#2015);
#1597=LINE('',#2016,#2017);
#1598=B_SPLINE_CURVE_WITH_KNOTS('',3,(#2018,#2019,#2020,#2021,#2022),.UNSPECIFIED.,.F.,.F.,(4,1,4),(0.0,0.5,1.0),.UNSPECIFIED.);
#1599=LINE('',#2023,#2024);
#1600=B_SPLINE_CURVE_WITH_KNOTS('',3,(#2025,#2026,#2027,#2028,#2029),.UNSPECIFIED.,.F.,.F.,(4,1,4),(0.0,0.5,1.0),.UNSPECIFIED.);
#1601=VERTEX_POINT('',#2030);
#1602=CIRCLE('',#2031,1.49698);
#1603=LINE('',#2032,#2033);
#1604=VERTEX_POINT('',#2034);
#1605=VERTEX_POINT('',#2035);
#1606=LINE('',#2036,#2037);
#1607=LINE('',#2038,#2039);
#1608=LINE('',#2040,#2041);
#1609=VERTEX_POINT('',#2042);
#1610=LINE('',#2043,#2044);
#1611=LINE('',#2045,#2046);
#1612=VERTEX_POINT('',#2047);
#1613=LINE('',#2048,#2049);
#1614=LINE('',#2050,#2051);
#1615=VERTEX_POINT('',#2052);
#1616=VERTEX_POINT('',#2053);
#1617=LINE('',#2054,#2055);
#1618=LINE('',#2056,#2057);
#1619=LINE('',#2058,#2059);
#1620=CIRCLE('',#2060,1.49698);
#1621=CIRCLE('',#2061,1.49698);
#1622=CIRCLE('',#2062,1.49698);
#1623=CIRCLE('',#2063,1.49698);
#1624=CIRCLE('',#2064,1.49698);
#1625=CIRCLE('',#2065,1.49698);
#1626=LINE('',#2066,#2067);
#1627=LINE('',#2068,#2069);
#1628=LINE('',#2070,#2071);
#1629=LINE('',#2072,#2073);
#1630=VERTEX_POINT('',#2074);
#1631=LINE('',#2075,#2076);
#1632=LINE('',#2077,#2078);
#1633=CIRCLE('',#2079,0.4);
#1634=CIRCLE('',#2080,1.380201037861);
#1635=VERTEX_POINT('',#2081);
#1636=LINE('',#2082,#2083);
#1637=VERTEX_POINT('',#2084);
#1638=LINE('',#2085,#2086);
#1639=LINE('',#2087,#2088);
#1640=VERTEX_POINT('',#2089);
#1641=LINE('',#2090,#2091);
#1642=LINE('',#2092,#2093);
#1643=VERTEX_POINT('',#2094);
#1644=LINE('',#2095,#2096);
#1645=LINE('',#2097,#2098);
#1646=LINE('',#2099,#2100);
#1647=VERTEX_POINT('',#2101);
#1648=VERTEX_POINT('',#2102);
#1649=CIRCLE('',#2103,0.381);
#1650=CIRCLE('',#2104,0.381);
#1651=VERTEX_POINT('',#2105);
#1652=VERTEX_POINT('',#2106);
#1653=CIRCLE('',#2107,0.381);
#1654=CIRCLE('',#2108,0.381);
#1655=VERTEX_POINT('',#2109);
#1656=VERTEX_POINT('',#2110);
#1657=LINE('',#2111,#2112);
#1658=VERTEX_POINT('',#2113);
#1659=LINE('',#2114,#2115);
#1660=VERTEX_POINT('',#2116);
#1661=LINE('',#2117,#2118);
#1662=LINE('',#2119,#2120);
#1663=LINE('',#2121,#2122);
#1664=LINE('',#2123,#2124);
#1665=LINE('',#2125,#2126);
#1666=LINE('',#2127,#2128);
#1667=LINE('',#2129,#2130);
#1668=LINE('',#2131,#2132);
#1669=LINE('',#2133,#2134);
#1670=LINE('',#2135,#2136);
#1671=VERTEX_POINT('',#2137);
#1672=LINE('',#2138,#2139);
#1673=VERTEX_POINT('',#2140);
#1674=LINE('',#2141,#2142);
#1675=LINE('',#2143,#2144);
#1676=VERTEX_POINT('',#2145);
#1677=LINE('',#2146,#2147);
#1678=LINE('',#2148,#2149);
#1679=VERTEX_POINT('',#2150);
#1680=LINE('',#2151,#2152);
#1681=LINE('',#2153,#2154);
#1682=LINE('',#2155,#2156);
#1683=CARTESIAN_POINT('',(8.5528,16.256,0.0));
#1684=CARTESIAN_POINT('',(-9.9592,16.256,0.0));
#1685=CARTESIAN_POINT('',(8.5528,16.256,0.0));
#1686=VECTOR('',#2157,18.512);
#1687=CARTESIAN_POINT('',(-9.9592,15.901,0.0));
#1688=CARTESIAN_POINT('',(-9.9592,15.901,0.0));
#1689=VECTOR('',#2158,0.355);
#1690=CARTESIAN_POINT('',(-12.0592,15.901,0.0));
#1691=CARTESIAN_POINT('',(-12.0592,15.901,0.0));
#1692=VECTOR('',#2159,2.1);
#1693=CARTESIAN_POINT('',(-12.0592,16.256,0.0));
#1694=CARTESIAN_POINT('',(-12.0592,16.256,0.0));
#1695=VECTOR('',#2160,0.355);
#1696=CARTESIAN_POINT('',(-12.8742,16.256,-2.84217094304E-14));
#1697=CARTESIAN_POINT('',(-12.0592,16.256,0.0));
#1698=VECTOR('',#2161,0.815);
#1699=CARTESIAN_POINT('',(-14.4192,14.711,-2.84217094304E-14));
#1700=AXIS2_PLACEMENT_3D('',#2162,#2163,#2164);
#1701=CARTESIAN_POINT('',(-14.4192,5.101,0.0));
#1702=CARTESIAN_POINT('',(-14.4192,14.711,0.0));
#1703=VECTOR('',#2165,9.61);
#1704=CARTESIAN_POINT('',(-12.8742,3.556,-2.84217094304E-14));
#1705=AXIS2_PLACEMENT_3D('',#2166,#2167,#2168);
#1706=CARTESIAN_POINT('',(-10.7342,3.556,0.0));
#1707=CARTESIAN_POINT('',(-12.8742,3.556,0.0));
#1708=VECTOR('',#2169,2.14);
#1709=CARTESIAN_POINT('',(-9.6392,2.461,0.0));
#1710=AXIS2_PLACEMENT_3D('',#2170,#2171,#2172);
#1711=CARTESIAN_POINT('',(-9.6392,-14.711,0.0));
#1712=CARTESIAN_POINT('',(-9.6392,2.461,0.0));
#1713=VECTOR('',#2173,17.172);
#1714=CARTESIAN_POINT('',(-8.0942,-16.256,-2.84217094304E-14));
#1715=AXIS2_PLACEMENT_3D('',#2174,#2175,#2176);
#1716=CARTESIAN_POINT('',(-7.2842,-16.256,0.0));
#1717=CARTESIAN_POINT('',(-8.0942,-16.256,0.0));
#1718=VECTOR('',#2177,0.81);
#1719=CARTESIAN_POINT('',(-7.2842,-15.901,0.0));
#1720=CARTESIAN_POINT('',(-7.2842,-15.901,0.0));
#1721=VECTOR('',#2178,0.355);
#1722=CARTESIAN_POINT('',(-5.1842,-15.901,0.0));
#1723=CARTESIAN_POINT('',(-5.1842,-15.901,0.0));
#1724=VECTOR('',#2179,2.1);
#1725=CARTESIAN_POINT('',(-5.1842,-16.256,0.0));
#1726=CARTESIAN_POINT('',(-5.1842,-16.256,0.0));
#1727=VECTOR('',#2180,0.355);
#1728=CARTESIAN_POINT('',(6.1978,-16.256,0.0));
#1729=CARTESIAN_POINT('',(-5.1842,-16.256,0.0));
#1730=VECTOR('',#2181,11.382);
#1731=CARTESIAN_POINT('',(6.1978,-15.901,0.0));
#1732=CARTESIAN_POINT('',(6.1978,-15.901,0.0));
#1733=VECTOR('',#2182,0.355);
#1734=CARTESIAN_POINT('',(8.2978,-15.901,0.0));
#1735=CARTESIAN_POINT('',(8.2978,-15.901,0.0));
#1736=VECTOR('',#2183,2.1);
#1737=CARTESIAN_POINT('',(8.2978,-16.256,0.0));
#1738=CARTESIAN_POINT('',(8.2978,-16.256,0.0));
#1739=VECTOR('',#2184,0.355);
#1740=CARTESIAN_POINT('',(9.1078,-16.256,-2.84217094304E-14));
#1741=CARTESIAN_POINT('',(8.2978,-16.256,0.0));
#1742=VECTOR('',#2185,0.81);
#1743=CARTESIAN_POINT('',(10.6528,-14.711,-2.84217094304E-14));
#1744=AXIS2_PLACEMENT_3D('',#2186,#2187,#2188);
#1745=CARTESIAN_POINT('',(10.6528,-2.358823835632,0.0));
#1746=CARTESIAN_POINT('',(10.6528,-14.711,0.0));
#1747=VECTOR('',#2189,12.35217616437);
#1748=CARTESIAN_POINT('',(11.63166363636,-1.27,1.42108547152E-14));
#1749=AXIS2_PLACEMENT_3D('',#2190,#2191,#2192);
#1750=CARTESIAN_POINT('',(13.0128,0.2662856858923,0.0));
#1751=AXIS2_PLACEMENT_3D('',#2193,#2194,#2195);
#1752=CARTESIAN_POINT('',(13.0128,14.711,0.0));
#1753=CARTESIAN_POINT('',(13.0128,0.2662856858923,0.0));
#1754=VECTOR('',#2196,14.44471431411);
#1755=CARTESIAN_POINT('',(11.4678,16.256,-2.84217094304E-14));
#1756=AXIS2_PLACEMENT_3D('',#2197,#2198,#2199);
#1757=CARTESIAN_POINT('',(10.6528,16.256,0.0));
#1758=CARTESIAN_POINT('',(11.4678,16.256,0.0));
#1759=VECTOR('',#2200,0.815);
#1760=CARTESIAN_POINT('',(10.6528,15.901,0.0));
#1761=CARTESIAN_POINT('',(10.6528,15.901,0.0));
#1762=VECTOR('',#2201,0.355);
#1763=CARTESIAN_POINT('',(8.5528,15.901,0.0));
#1764=CARTESIAN_POINT('',(8.5528,15.901,0.0));
#1765=VECTOR('',#2202,2.1);
#1766=CARTESIAN_POINT('',(8.5528,16.256,0.0));
#1767=VECTOR('',#2203,0.355);
#1768=CARTESIAN_POINT('',(-8.247,6.5024,0.0));
#1769=CARTESIAN_POINT('',(-9.8218,6.5024,0.0));
#1770=CARTESIAN_POINT('',(-8.247,6.5024,0.0));
#1771=VECTOR('',#2204,1.5748);
#1772=CARTESIAN_POINT('',(-8.247,5.6896,0.0));
#1773=CARTESIAN_POINT('',(-8.247,5.6896,0.0));
#1774=VECTOR('',#2205,0.8128);
#1775=CARTESIAN_POINT('',(-9.8218,5.6896,0.0));
#1776=CARTESIAN_POINT('',(-9.8218,5.6896,0.0));
#1777=VECTOR('',#2206,1.5748);
#1778=CARTESIAN_POINT('',(-9.8218,6.5024,0.0));
#1779=VECTOR('',#2207,0.8128);
#1780=CARTESIAN_POINT('',(-5.6054,-9.144,0.0));
#1781=CARTESIAN_POINT('',(-4.8434,-9.144,0.0));
#1782=AXIS2_PLACEMENT_3D('',#2208,#2209,#2210);
#1783=AXIS2_PLACEMENT_3D('',#2211,#2212,#2213);
#1784=CARTESIAN_POINT('',(4.5546,-9.144,0.0));
#1785=CARTESIAN_POINT('',(5.3166,-9.144,0.0));
#1786=AXIS2_PLACEMENT_3D('',#2214,#2215,#2216);
#1787=AXIS2_PLACEMENT_3D('',#2217,#2218,#2219);
#1788=CARTESIAN_POINT('',(9.3171,4.1275,0.0));
#1789=CARTESIAN_POINT('',(8.1741,4.1275,0.0));
#1790=CARTESIAN_POINT('',(9.3171,4.1275,0.0));
#1791=VECTOR('',#2220,1.143);
#1792=CARTESIAN_POINT('',(9.3171,2.9845,0.0));
#1793=CARTESIAN_POINT('',(9.3171,2.9845,0.0));
#1794=VECTOR('',#2221,1.143);
#1795=CARTESIAN_POINT('',(8.1741,2.9845,0.0));
#1796=CARTESIAN_POINT('',(8.1741,2.9845,0.0));
#1797=VECTOR('',#2222,1.143);
#1798=CARTESIAN_POINT('',(8.1741,4.1275,0.0));
#1799=VECTOR('',#2223,1.143);
#1800=CARTESIAN_POINT('',(-10.027,14.2774,0.0));
#1801=CARTESIAN_POINT('',(-10.027,13.1574,0.0));
#1802=CARTESIAN_POINT('',(-10.027,14.2774,0.0));
#1803=VECTOR('',#2224,1.12);
#1804=CARTESIAN_POINT('',(-8.177,14.2774,0.0));
#1805=CARTESIAN_POINT('',(-8.177,14.2774,0.0));
#1806=VECTOR('',#2225,1.85);
#1807=CARTESIAN_POINT('',(-8.177,13.1574,0.0));
#1808=CARTESIAN_POINT('',(-8.177,13.1574,0.0));
#1809=VECTOR('',#2226,1.12);
#1810=CARTESIAN_POINT('',(-10.027,13.1574,0.0));
#1811=VECTOR('',#2227,1.85);
#1812=CARTESIAN_POINT('',(9.578267885406,15.901,0.4064));
#1813=AXIS2_PLACEMENT_3D('',#2228,#2229,#2230);
#1814=CARTESIAN_POINT('',(9.578267885406,16.25954659907,0.4064));
#1815=CARTESIAN_POINT('',(9.578267885406,16.25954659907,0.4064));
#1816=VECTOR('',#2231,0.3585465990702);
#1817=CARTESIAN_POINT('',(9.578267885406,16.25954659907,0.4064));
#1818=CARTESIAN_POINT('',(9.380511616911,16.25954659907,0.4064));
#1819=CARTESIAN_POINT('',(9.01478032435,16.25889084496,0.3312580222395));
#1820=CARTESIAN_POINT('',(8.696866839651,16.25718218913,0.1354654563759));
#1821=CARTESIAN_POINT('',(8.5528,16.256,0.0));
#1822=CARTESIAN_POINT('',(7.5058,16.09062411707,-18.95019918905));
#1823=CARTESIAN_POINT('',(7.5058,16.09120103786,-18.8840906142));
#1824=CARTESIAN_POINT('',(7.5058,16.09062411707,-18.95019918905));
#1825=VECTOR('',#2232,0.06611109215667);
#1826=CARTESIAN_POINT('',(-12.8742,16.09062411694,-18.95019920407));
#1827=CARTESIAN_POINT('',(-12.87419999954,16.09062411707,-18.95019918905));
#1828=VECTOR('',#2233,20.37999999954);
#1829=CARTESIAN_POINT('',(-12.8742,16.256,0.0));
#1830=VECTOR('',#2234,18.95092078204);
#1831=CARTESIAN_POINT('',(-11.03373211459,16.25954659907,0.4064));
#1832=CARTESIAN_POINT('',(-11.03373211459,16.25954659907,0.4064));
#1833=CARTESIAN_POINT('',(-11.23148838309,16.25954659907,0.4064));
#1834=CARTESIAN_POINT('',(-11.59721967565,16.25889084496,0.3312580222395));
#1835=CARTESIAN_POINT('',(-11.91513316035,16.25718218913,0.1354654563758));
#1836=CARTESIAN_POINT('',(-12.0592,16.256,0.0));
#1837=CARTESIAN_POINT('',(-10.98466788541,16.25954659907,0.4064));
#1838=CARTESIAN_POINT('',(-10.98466788541,16.25954659907,0.4064));
#1839=VECTOR('',#2235,0.04906422918707);
#1840=CARTESIAN_POINT('',(-10.98466788541,16.25954659907,0.4064));
#1841=CARTESIAN_POINT('',(-10.78691161691,16.25954659907,0.4064));
#1842=CARTESIAN_POINT('',(-10.42118032435,16.25889084496,0.3312580222395));
#1843=CARTESIAN_POINT('',(-10.10326683965,16.25718218913,0.1354654563758));
#1844=CARTESIAN_POINT('',(-9.9592,16.256,0.0));
#1845=CARTESIAN_POINT('',(9.627332114594,16.25954659907,0.4064));
#1846=CARTESIAN_POINT('',(9.627332114594,16.25954659907,0.4064));
#1847=VECTOR('',#2236,0.04906422918708);
#1848=CARTESIAN_POINT('',(9.627332114594,16.25954659907,0.4064));
#1849=CARTESIAN_POINT('',(9.825088383089,16.25954659907,0.4064));
#1850=CARTESIAN_POINT('',(10.19081967565,16.25889084496,0.3312580222395));
#1851=CARTESIAN_POINT('',(10.50873316035,16.25718218913,0.1354654563759));
#1852=CARTESIAN_POINT('',(10.6528,16.256,0.0));
#1853=CARTESIAN_POINT('',(11.4677999994,16.09120103786,-18.8840906142));
#1854=CARTESIAN_POINT('',(11.4678,16.256,0.0));
#1855=VECTOR('',#2237,18.88480968989);
#1856=CARTESIAN_POINT('',(11.4677999994,16.09120103786,-18.8840906142));
#1857=VECTOR('',#2238,3.961999999401);
#1858=CARTESIAN_POINT('',(7.5058,15.69121626864,-19.2806));
#1859=AXIS2_PLACEMENT_3D('',#2239,#2240,#2241);
#1860=CARTESIAN_POINT('',(11.4678,15.69121626864,-19.2806));
#1861=AXIS2_PLACEMENT_3D('',#2242,#2243,#2244);
#1862=CARTESIAN_POINT('',(11.4678,15.69121626864,-19.2806));
#1863=VECTOR('',#2245,3.962);
#1864=CARTESIAN_POINT('',(12.44801626864,14.711,-19.2806));
#1865=AXIS2_PLACEMENT_3D('',#2246,#2247,#2248);
#1866=CARTESIAN_POINT('',(12.44801626864,10.775,-19.2806));
#1867=CARTESIAN_POINT('',(12.44801626864,10.775,-19.2806));
#1868=VECTOR('',#2249,3.936);
#1869=CARTESIAN_POINT('',(8.1458,10.775,-19.2806));
#1870=CARTESIAN_POINT('',(12.44801626864,10.775,-19.2806));
#1871=VECTOR('',#2250,4.302216268636);
#1872=CARTESIAN_POINT('',(7.5058,11.415,-19.2806));
#1873=AXIS2_PLACEMENT_3D('',#2251,#2252,#2253);
#1874=CARTESIAN_POINT('',(7.5058,11.415,-19.2806));
#1875=VECTOR('',#2254,4.276216268636);
#1876=CARTESIAN_POINT('',(10.3458,12.675,-19.2806));
#1877=CARTESIAN_POINT('',(8.7258,12.675,-19.2806));
#1878=AXIS2_PLACEMENT_3D('',#2255,#2256,#2257);
#1879=AXIS2_PLACEMENT_3D('',#2258,#2259,#2260);
#1880=CARTESIAN_POINT('',(10.3458,12.675,-20.0406));
#1881=CARTESIAN_POINT('',(10.3458,12.675,-20.0406));
#1882=VECTOR('',#2261,0.76);
#1883=CARTESIAN_POINT('',(8.7258,12.675,-20.0406));
#1884=CARTESIAN_POINT('',(8.7258,12.675,-20.0406));
#1885=VECTOR('',#2262,0.76);
#1886=AXIS2_PLACEMENT_3D('',#2263,#2264,#2265);
#1887=CARTESIAN_POINT('',(11.7474660017,10.775,-20.0406));
#1888=CARTESIAN_POINT('',(11.74746588091,0.2662856858923,-20.0406));
#1889=CARTESIAN_POINT('',(11.7474660017,10.775,-20.0406));
#1890=VECTOR('',#2266,10.50871431411);
#1891=CARTESIAN_POINT('',(11.49746153282,-0.01180278638661,-20.0406));
#1892=AXIS2_PLACEMENT_3D('',#2267,#2268,#2269);
#1893=CARTESIAN_POINT('',(9.387468074342,-2.358823835632,-20.0406));
#1894=AXIS2_PLACEMENT_3D('',#2270,#2271,#2272);
#1895=CARTESIAN_POINT('',(9.387466001698,-14.711,-20.0406));
#1896=CARTESIAN_POINT('',(9.387466001819,-2.35882383591,-20.0406));
#1897=VECTOR('',#2273,12.35217616409);
#1898=CARTESIAN_POINT('',(9.1078,-14.9906658778,-20.0406));
#1899=AXIS2_PLACEMENT_3D('',#2274,#2275,#2276);
#1900=CARTESIAN_POINT('',(-8.0942,-14.9906660017,-20.0406));
#1901=CARTESIAN_POINT('',(9.1078,-14.9906660017,-20.0406));
#1902=VECTOR('',#2277,17.202);
#1903=CARTESIAN_POINT('',(-8.373865877802,-14.711,-20.0406));
#1904=AXIS2_PLACEMENT_3D('',#2278,#2279,#2280);
#1905=CARTESIAN_POINT('',(-8.373866001798,2.460999999321,-20.0406));
#1906=CARTESIAN_POINT('',(-8.373866001698,-14.711,-20.0406));
#1907=VECTOR('',#2281,17.17199999932);
#1908=CARTESIAN_POINT('',(-10.7342,4.821331608969,-20.0406));
#1909=AXIS2_PLACEMENT_3D('',#2282,#2283,#2284);
#1910=CARTESIAN_POINT('',(-12.8742,4.821333998302,-20.0406));
#1911=CARTESIAN_POINT('',(-10.73420000053,4.821333998115,-20.0406));
#1912=VECTOR('',#2285,2.139999999467);
#1913=CARTESIAN_POINT('',(-13.1538658778,5.101,-20.0406));
#1914=AXIS2_PLACEMENT_3D('',#2286,#2287,#2288);
#1915=CARTESIAN_POINT('',(-13.1538660017,14.711,-20.0406));
#1916=CARTESIAN_POINT('',(-13.1538660017,5.101,-20.0406));
#1917=VECTOR('',#2289,9.61);
#1918=CARTESIAN_POINT('',(-12.8742,14.9906658778,-20.0406));
#1919=AXIS2_PLACEMENT_3D('',#2290,#2291,#2292);
#1920=CARTESIAN_POINT('',(7.5058,14.9906660017,-20.0406));
#1921=CARTESIAN_POINT('',(-12.8742,14.9906660017,-20.0406));
#1922=VECTOR('',#2293,20.38);
#1923=CARTESIAN_POINT('',(7.5058,11.415,-20.0406));
#1924=CARTESIAN_POINT('',(7.5058,14.9906660017,-20.0406));
#1925=VECTOR('',#2294,3.575666001698);
#1926=CARTESIAN_POINT('',(8.1458,10.775,-20.0406));
#1927=AXIS2_PLACEMENT_3D('',#2295,#2296,#2297);
#1928=CARTESIAN_POINT('',(11.7474660017,10.775,-20.0406));
#1929=VECTOR('',#2298,3.601666001698);
#1930=AXIS2_PLACEMENT_3D('',#2299,#2300,#2301);
#1931=CARTESIAN_POINT('',(8.1458,10.775,-20.0406));
#1932=VECTOR('',#2302,0.76);
#1933=CARTESIAN_POINT('',(12.84800103786,10.775,-18.8840906142));
#1934=AXIS2_PLACEMENT_3D('',#2303,#2304,#2305);
#1935=CARTESIAN_POINT('',(12.84742411707,10.775,-18.95019918905));
#1936=CARTESIAN_POINT('',(12.84742411707,10.775,-18.95019918905));
#1937=VECTOR('',#2306,0.06611109215668);
#1938=AXIS2_PLACEMENT_3D('',#2307,#2308,#2309);
#1939=CARTESIAN_POINT('',(12.84742411695,0.2662856858923,-18.95019920274));
#1940=CARTESIAN_POINT('',(12.84742411707,10.775,-18.95019918905));
#1941=VECTOR('',#2310,10.50871431317);
#1942=AXIS2_PLACEMENT_3D('',#2311,#2312,#2313);
#1943=CARTESIAN_POINT('',(11.61412376998,-1.105556891959,-18.95019920274));
#1944=AXIS2_PLACEMENT_3D('',#2314,#2315,#2316);
#1945=AXIS2_PLACEMENT_3D('',#2317,#2318,#2319);
#1946=CARTESIAN_POINT('',(10.48742411722,-2.358823835632,-18.95019917115));
#1947=AXIS2_PLACEMENT_3D('',#2320,#2321,#2322);
#1948=AXIS2_PLACEMENT_3D('',#2323,#2324,#2325);
#1949=CARTESIAN_POINT('',(10.48742411707,-14.71099999857,-18.95019918905));
#1950=CARTESIAN_POINT('',(10.48742411707,-2.35882383577,-18.95019918905));
#1951=VECTOR('',#2326,12.3521761628);
#1952=AXIS2_PLACEMENT_3D('',#2327,#2328,#2329);
#1953=CARTESIAN_POINT('',(9.1078,-16.09062411694,-18.95019920407));
#1954=AXIS2_PLACEMENT_3D('',#2330,#2331,#2332);
#1955=AXIS2_PLACEMENT_3D('',#2333,#2334,#2335);
#1956=CARTESIAN_POINT('',(-8.094199998565,-16.09062411707,-18.95019918905));
#1957=CARTESIAN_POINT('',(9.107799999535,-16.09062411707,-18.95019918905));
#1958=VECTOR('',#2336,17.2019999981);
#1959=AXIS2_PLACEMENT_3D('',#2337,#2338,#2339);
#1960=CARTESIAN_POINT('',(-9.473824116938,-14.711,-18.95019920407));
#1961=AXIS2_PLACEMENT_3D('',#2340,#2341,#2342);
#1962=AXIS2_PLACEMENT_3D('',#2343,#2344,#2345);
#1963=CARTESIAN_POINT('',(-9.473824117069,2.460999999205,-18.95019918905));
#1964=CARTESIAN_POINT('',(-9.473824117069,-14.71099999954,-18.95019918905));
#1965=VECTOR('',#2346,17.17199999874);
#1966=AXIS2_PLACEMENT_3D('',#2347,#2348,#2349);
#1967=CARTESIAN_POINT('',(-10.7342,3.721375882751,-18.95019916843));
#1968=AXIS2_PLACEMENT_3D('',#2350,#2351,#2352);
#1969=AXIS2_PLACEMENT_3D('',#2353,#2354,#2355);
#1970=CARTESIAN_POINT('',(-12.87419999857,3.721375882931,-18.95019918905));
#1971=CARTESIAN_POINT('',(-10.73420000028,3.721375882931,-18.95019918905));
#1972=VECTOR('',#2356,2.139999998289);
#1973=AXIS2_PLACEMENT_3D('',#2357,#2358,#2359);
#1974=CARTESIAN_POINT('',(-14.25382411694,5.101,-18.95019920407));
#1975=AXIS2_PLACEMENT_3D('',#2360,#2361,#2362);
#1976=AXIS2_PLACEMENT_3D('',#2363,#2364,#2365);
#1977=CARTESIAN_POINT('',(-14.25382411707,14.71099999857,-18.95019918905));
#1978=CARTESIAN_POINT('',(-14.25382411707,5.101000000465,-18.95019918905));
#1979=VECTOR('',#2366,9.609999998101);
#1980=AXIS2_PLACEMENT_3D('',#2367,#2368,#2369);
#1981=AXIS2_PLACEMENT_3D('',#2370,#2371,#2372);
#1982=AXIS2_PLACEMENT_3D('',#2373,#2374,#2375);
#1983=AXIS2_PLACEMENT_3D('',#2376,#2377,#2378);
#1984=CARTESIAN_POINT('',(7.5058,11.415,-20.0406));
#1985=VECTOR('',#2379,0.76);
#1986=CARTESIAN_POINT('',(-14.4192,14.711,0.0));
#1987=VECTOR('',#2380,18.95092078204);
#1988=CARTESIAN_POINT('',(-14.4192,5.101,0.0));
#1989=VECTOR('',#2381,18.95092078204);
#1990=CARTESIAN_POINT('',(-12.8742,3.556,0.0));
#1991=VECTOR('',#2382,18.95092078204);
#1992=CARTESIAN_POINT('',(-10.7342,3.556,0.0));
#1993=VECTOR('',#2383,18.95092078204);
#1994=CARTESIAN_POINT('',(-9.6392,2.461,0.0));
#1995=VECTOR('',#2384,18.95092078204);
#1996=CARTESIAN_POINT('',(-9.6392,-14.711,0.0));
#1997=VECTOR('',#2385,18.95092078204);
#1998=CARTESIAN_POINT('',(-8.0942,-16.256,0.0));
#1999=VECTOR('',#2386,18.95092078204);
#2000=CARTESIAN_POINT('',(7.223267885406,-16.25954659907,0.4064));
#2001=CARTESIAN_POINT('',(7.272332114594,-16.25954659907,0.4064));
#2002=CARTESIAN_POINT('',(7.223267885406,-16.25954659907,0.4064));
#2003=VECTOR('',#2387,0.04906422918707);
#2004=CARTESIAN_POINT('',(7.223267885406,-16.25954659907,0.4064));
#2005=CARTESIAN_POINT('',(7.025511616911,-16.25954659907,0.4064));
#2006=CARTESIAN_POINT('',(6.65978032435,-16.25889084496,0.3312580222395));
#2007=CARTESIAN_POINT('',(6.341866839651,-16.25718218913,0.1354654563758));
#2008=CARTESIAN_POINT('',(6.1978,-16.256,0.0));
#2009=CARTESIAN_POINT('',(-6.209667885406,-16.25954659907,0.4064));
#2010=CARTESIAN_POINT('',(-6.209667885406,-16.25954659907,0.4064));
#2011=CARTESIAN_POINT('',(-6.011911616911,-16.25954659907,0.4064));
#2012=CARTESIAN_POINT('',(-5.64618032435,-16.25889084496,0.3312580222395));
#2013=CARTESIAN_POINT('',(-5.328266839651,-16.25718218913,0.1354654563759));
#2014=CARTESIAN_POINT('',(-5.1842,-16.256,0.0));
#2015=CARTESIAN_POINT('',(-6.258732114594,-16.25954659907,0.4064));
#2016=CARTESIAN_POINT('',(-6.258732114594,-16.25954659907,0.4064));
#2017=VECTOR('',#2388,0.04906422918707);
#2018=CARTESIAN_POINT('',(-6.258732114594,-16.25954659907,0.4064));
#2019=CARTESIAN_POINT('',(-6.456488383089,-16.25954659907,0.4064));
#2020=CARTESIAN_POINT('',(-6.82221967565,-16.25889084496,0.3312580222395));
#2021=CARTESIAN_POINT('',(-7.140133160349,-16.25718218913,0.1354654563759));
#2022=CARTESIAN_POINT('',(-7.2842,-16.256,0.0));
#2023=CARTESIAN_POINT('',(9.1078,-16.256,0.0));
#2024=VECTOR('',#2389,18.95092078204);
#2025=CARTESIAN_POINT('',(7.272332114594,-16.25954659907,0.4064));
#2026=CARTESIAN_POINT('',(7.470088383089,-16.25954659907,0.4064));
#2027=CARTESIAN_POINT('',(7.83581967565,-16.25889084496,0.3312580222395));
#2028=CARTESIAN_POINT('',(8.153733160349,-16.25718218913,0.1354654563758));
#2029=CARTESIAN_POINT('',(8.2978,-16.256,0.0));
#2030=CARTESIAN_POINT('',(7.272332114594,-15.901,0.4064));
#2031=AXIS2_PLACEMENT_3D('',#2390,#2391,#2392);
#2032=CARTESIAN_POINT('',(7.272332114594,-16.25954659907,0.4064));
#2033=VECTOR('',#2393,0.3585465990702);
#2034=CARTESIAN_POINT('',(-11.03373211459,15.901,0.4064));
#2035=CARTESIAN_POINT('',(-10.98466788541,15.901,0.4064));
#2036=CARTESIAN_POINT('',(-11.03373211459,15.901,0.4064));
#2037=VECTOR('',#2394,0.04906422918707);
#2038=CARTESIAN_POINT('',(-10.98466788541,15.901,0.4064));
#2039=VECTOR('',#2395,0.3585465990702);
#2040=CARTESIAN_POINT('',(-11.03373211459,16.25954659907,0.4064));
#2041=VECTOR('',#2396,0.3585465990702);
#2042=CARTESIAN_POINT('',(9.627332114594,15.901,0.4064));
#2043=CARTESIAN_POINT('',(9.578267885406,15.901,0.4064));
#2044=VECTOR('',#2397,0.04906422918708);
#2045=CARTESIAN_POINT('',(9.627332114594,15.901,0.4064));
#2046=VECTOR('',#2398,0.3585465990702);
#2047=CARTESIAN_POINT('',(7.223267885406,-15.901,0.4064));
#2048=CARTESIAN_POINT('',(7.272332114594,-15.901,0.4064));
#2049=VECTOR('',#2399,0.04906422918707);
#2050=CARTESIAN_POINT('',(7.223267885406,-15.901,0.4064));
#2051=VECTOR('',#2400,0.3585465990702);
#2052=CARTESIAN_POINT('',(-6.209667885406,-15.901,0.4064));
#2053=CARTESIAN_POINT('',(-6.258732114594,-15.901,0.4064));
#2054=CARTESIAN_POINT('',(-6.209667885406,-15.901,0.4064));
#2055=VECTOR('',#2401,0.04906422918707);
#2056=CARTESIAN_POINT('',(-6.258732114594,-15.901,0.4064));
#2057=VECTOR('',#2402,0.3585465990702);
#2058=CARTESIAN_POINT('',(-6.209667885406,-16.25954659907,0.4064));
#2059=VECTOR('',#2403,0.3585465990702);
#2060=AXIS2_PLACEMENT_3D('',#2404,#2405,#2406);
#2061=AXIS2_PLACEMENT_3D('',#2407,#2408,#2409);
#2062=AXIS2_PLACEMENT_3D('',#2410,#2411,#2412);
#2063=AXIS2_PLACEMENT_3D('',#2413,#2414,#2415);
#2064=AXIS2_PLACEMENT_3D('',#2416,#2417,#2418);
#2065=AXIS2_PLACEMENT_3D('',#2419,#2420,#2421);
#2066=CARTESIAN_POINT('',(10.6528,-14.711,0.0));
#2067=VECTOR('',#2422,18.95092078204);
#2068=CARTESIAN_POINT('',(10.6528,-2.358823835632,0.0));
#2069=VECTOR('',#2423,18.95092078204);
#2070=CARTESIAN_POINT('',(11.63166363636,-1.27,0.0));
#2071=VECTOR('',#2424,18.95092078204);
#2072=CARTESIAN_POINT('',(13.0128,0.2662856858923,0.0));
#2073=VECTOR('',#2425,18.95092078204);
#2074=CARTESIAN_POINT('',(12.84800103786,14.711,-18.8840906142));
#2075=CARTESIAN_POINT('',(13.0128,14.711,0.0));
#2076=VECTOR('',#2426,18.88480968989);
#2077=CARTESIAN_POINT('',(12.84800103786,10.775,-18.8840906142));
#2078=VECTOR('',#2427,3.935999999331);
#2079=AXIS2_PLACEMENT_3D('',#2428,#2429,#2430);
#2080=AXIS2_PLACEMENT_3D('',#2431,#2432,#2433);
#2081=CARTESIAN_POINT('',(-9.8218,5.6896,3.7084));
#2082=CARTESIAN_POINT('',(-9.8218,5.6896,0.0));
#2083=VECTOR('',#2434,3.7084);
#2084=CARTESIAN_POINT('',(-9.8218,6.5024,3.7084));
#2085=CARTESIAN_POINT('',(-9.8218,6.5024,3.7084));
#2086=VECTOR('',#2435,0.8128);
#2087=CARTESIAN_POINT('',(-9.8218,6.5024,0.0));
#2088=VECTOR('',#2436,3.7084);
#2089=CARTESIAN_POINT('',(-8.247,6.5024,3.7084));
#2090=CARTESIAN_POINT('',(-8.247,6.5024,3.7084));
#2091=VECTOR('',#2437,1.5748);
#2092=CARTESIAN_POINT('',(-8.247,6.5024,0.0));
#2093=VECTOR('',#2438,3.7084);
#2094=CARTESIAN_POINT('',(-8.247,5.6896,3.7084));
#2095=CARTESIAN_POINT('',(-8.247,5.6896,3.7084));
#2096=VECTOR('',#2439,0.8128);
#2097=CARTESIAN_POINT('',(-8.247,5.6896,0.0));
#2098=VECTOR('',#2440,3.7084);
#2099=CARTESIAN_POINT('',(-9.8218,5.6896,3.7084));
#2100=VECTOR('',#2441,1.5748);
#2101=CARTESIAN_POINT('',(-5.6054,-9.144,3.7084));
#2102=CARTESIAN_POINT('',(-4.8434,-9.144,3.7084));
#2103=AXIS2_PLACEMENT_3D('',#2442,#2443,#2444);
#2104=AXIS2_PLACEMENT_3D('',#2445,#2446,#2447);
#2105=CARTESIAN_POINT('',(4.5546,-9.144,3.7084));
#2106=CARTESIAN_POINT('',(5.3166,-9.144,3.7084));
#2107=AXIS2_PLACEMENT_3D('',#2448,#2449,#2450);
#2108=AXIS2_PLACEMENT_3D('',#2451,#2452,#2453);
#2109=CARTESIAN_POINT('',(8.1741,2.9845,3.7084));
#2110=CARTESIAN_POINT('',(9.3171,2.9845,3.7084));
#2111=CARTESIAN_POINT('',(8.1741,2.9845,3.7084));
#2112=VECTOR('',#2454,1.143);
#2113=CARTESIAN_POINT('',(9.3171,4.1275,3.7084));
#2114=CARTESIAN_POINT('',(9.3171,2.9845,3.7084));
#2115=VECTOR('',#2455,1.143);
#2116=CARTESIAN_POINT('',(8.1741,4.1275,3.7084));
#2117=CARTESIAN_POINT('',(9.3171,4.1275,3.7084));
#2118=VECTOR('',#2456,1.143);
#2119=CARTESIAN_POINT('',(8.1741,4.1275,3.7084));
#2120=VECTOR('',#2457,1.143);
#2121=CARTESIAN_POINT('',(-5.6054,-9.144,0.0));
#2122=VECTOR('',#2458,3.7084);
#2123=CARTESIAN_POINT('',(-4.8434,-9.144,0.0));
#2124=VECTOR('',#2459,3.7084);
#2125=CARTESIAN_POINT('',(4.5546,-9.144,0.0));
#2126=VECTOR('',#2460,3.7084);
#2127=CARTESIAN_POINT('',(5.3166,-9.144,0.0));
#2128=VECTOR('',#2461,3.7084);
#2129=CARTESIAN_POINT('',(8.1741,2.9845,0.0));
#2130=VECTOR('',#2462,3.7084);
#2131=CARTESIAN_POINT('',(8.1741,4.1275,0.0));
#2132=VECTOR('',#2463,3.7084);
#2133=CARTESIAN_POINT('',(9.3171,4.1275,0.0));
#2134=VECTOR('',#2464,3.7084);
#2135=CARTESIAN_POINT('',(9.3171,2.9845,0.0));
#2136=VECTOR('',#2465,3.7084);
#2137=CARTESIAN_POINT('',(-8.177,13.1574,-1.0));
#2138=CARTESIAN_POINT('',(-8.177,13.1574,-1.0));
#2139=VECTOR('',#2466,1.0);
#2140=CARTESIAN_POINT('',(-10.027,13.1574,-1.0));
#2141=CARTESIAN_POINT('',(-10.027,13.1574,-1.0));
#2142=VECTOR('',#2467,1.85);
#2143=CARTESIAN_POINT('',(-10.027,13.1574,-1.0));
#2144=VECTOR('',#2468,1.0);
#2145=CARTESIAN_POINT('',(-10.027,14.2774,-1.0));
#2146=CARTESIAN_POINT('',(-10.027,14.2774,-1.0));
#2147=VECTOR('',#2469,1.12);
#2148=CARTESIAN_POINT('',(-10.027,14.2774,-1.0));
#2149=VECTOR('',#2470,1.0);
#2150=CARTESIAN_POINT('',(-8.177,14.2774,-1.0));
#2151=CARTESIAN_POINT('',(-8.177,14.2774,-1.0));
#2152=VECTOR('',#2471,1.85);
#2153=CARTESIAN_POINT('',(-8.177,14.2774,-1.0));
#2154=VECTOR('',#2472,1.0);
#2155=CARTESIAN_POINT('',(-8.177,13.1574,-1.0));
#2156=VECTOR('',#2473,1.12);
#2157=DIRECTION('',(-1.0,0.0,0.0));
#2158=DIRECTION('',(0.0,1.0,0.0));
#2159=DIRECTION('',(1.0,0.0,0.0));
#2160=DIRECTION('',(0.0,-1.0,0.0));
#2161=DIRECTION('',(-1.0,0.0,0.0));
#2162=CARTESIAN_POINT('',(-12.8742,14.711,-2.84217094304E-14));
#2163=DIRECTION('',(0.0,-0.0,1.0));
#2164=DIRECTION('',(0.0,1.0,0.0));
#2165=DIRECTION('',(0.0,-1.0,0.0));
#2166=CARTESIAN_POINT('',(-12.8742,5.101,-2.84217094304E-14));
#2167=DIRECTION('',(0.0,0.0,1.0));
#2168=DIRECTION('',(-1.0,0.0,0.0));
#2169=DIRECTION('',(1.0,0.0,0.0));
#2170=CARTESIAN_POINT('',(-10.7342,2.461,0.0));
#2171=DIRECTION('',(0.0,0.0,-1.0));
#2172=DIRECTION('',(0.0,1.0,0.0));
#2173=DIRECTION('',(0.0,-1.0,0.0));
#2174=CARTESIAN_POINT('',(-8.0942,-14.711,-2.84217094304E-14));
#2175=DIRECTION('',(0.0,0.0,1.0));
#2176=DIRECTION('',(-1.0,0.0,0.0));
#2177=DIRECTION('',(1.0,0.0,0.0));
#2178=DIRECTION('',(0.0,-1.0,0.0));
#2179=DIRECTION('',(-1.0,0.0,0.0));
#2180=DIRECTION('',(0.0,1.0,0.0));
#2181=DIRECTION('',(1.0,0.0,0.0));
#2182=DIRECTION('',(0.0,-1.0,0.0));
#2183=DIRECTION('',(-1.0,0.0,0.0));
#2184=DIRECTION('',(0.0,1.0,0.0));
#2185=DIRECTION('',(1.0,0.0,0.0));
#2186=CARTESIAN_POINT('',(9.1078,-14.711,-2.84217094304E-14));
#2187=DIRECTION('',(0.0,0.0,1.0));
#2188=DIRECTION('',(0.0,-1.0,0.0));
#2189=DIRECTION('',(0.0,1.0,0.0));
#2190=CARTESIAN_POINT('',(11.7478,-2.358823835632,1.42108547152E-14));
#2191=DIRECTION('',(0.0,0.0,-1.0));
#2192=DIRECTION('',(-1.0,0.0,0.0));
#2193=CARTESIAN_POINT('',(11.4678,0.2662856858923,0.0));
#2194=DIRECTION('',(0.0,0.0,1.0));
#2195=DIRECTION('',(0.106060606060603,-0.994359667244231,0.0));
#2196=DIRECTION('',(0.0,1.0,0.0));
#2197=CARTESIAN_POINT('',(11.4678,14.711,-2.84217094304E-14));
#2198=DIRECTION('',(0.0,0.0,1.0));
#2199=DIRECTION('',(1.0,0.0,0.0));
#2200=DIRECTION('',(-1.0,0.0,0.0));
#2201=DIRECTION('',(0.0,1.0,0.0));
#2202=DIRECTION('',(1.0,0.0,0.0));
#2203=DIRECTION('',(0.0,-1.0,0.0));
#2204=DIRECTION('',(-1.0,0.0,0.0));
#2205=DIRECTION('',(0.0,1.0,0.0));
#2206=DIRECTION('',(1.0,0.0,0.0));
#2207=DIRECTION('',(0.0,-1.0,0.0));
#2208=CARTESIAN_POINT('',(-5.2244,-9.144,0.0));
#2209=DIRECTION('',(0.0,0.0,1.0));
#2210=DIRECTION('',(-1.0,0.0,0.0));
#2211=CARTESIAN_POINT('',(-5.2244,-9.144,0.0));
#2212=DIRECTION('',(0.0,0.0,1.0));
#2213=DIRECTION('',(1.0,0.0,0.0));
#2214=CARTESIAN_POINT('',(4.9356,-9.144,0.0));
#2215=DIRECTION('',(0.0,0.0,1.0));
#2216=DIRECTION('',(-1.0,0.0,0.0));
#2217=CARTESIAN_POINT('',(4.9356,-9.144,0.0));
#2218=DIRECTION('',(0.0,0.0,1.0));
#2219=DIRECTION('',(1.0,0.0,0.0));
#2220=DIRECTION('',(-1.0,0.0,0.0));
#2221=DIRECTION('',(0.0,1.0,0.0));
#2222=DIRECTION('',(1.0,0.0,0.0));
#2223=DIRECTION('',(0.0,-1.0,0.0));
#2224=DIRECTION('',(0.0,-1.0,0.0));
#2225=DIRECTION('',(-1.0,0.0,0.0));
#2226=DIRECTION('',(0.0,1.0,0.0));
#2227=DIRECTION('',(1.0,0.0,0.0));
#2228=CARTESIAN_POINT('',(9.578267885406,15.901,-1.09058));
#2229=DIRECTION('',(0.0,1.0,0.0));
#2230=DIRECTION('',(-0.685024439475799,0.0,0.728520087108699));
#2231=DIRECTION('',(0.0,-1.0,0.0));
#2232=DIRECTION('',(0.0,0.00872653549840075,0.999961923064171));
#2233=DIRECTION('',(1.0,0.0,1.412020647642E-14));
#2234=DIRECTION('',(2.45290306060393E-11,-0.00872653549837375,-0.999961923064171));
#2235=DIRECTION('',(-1.0,0.0,0.0));
#2236=DIRECTION('',(-1.0,0.0,0.0));
#2237=DIRECTION('',(-3.17222809494991E-11,-0.00872653549837375,-0.999961923064171));
#2238=DIRECTION('',(-1.0,0.0,1.945832580556E-13));
#2239=CARTESIAN_POINT('',(7.5058,15.69121626864,-18.8806));
#2240=DIRECTION('',(-1.0,0.0,0.0));
#2241=DIRECTION('',(0.0,0.999961923064171,-0.00872653549837575));
#2242=CARTESIAN_POINT('',(11.4678,15.69121626864,-18.8806));
#2243=DIRECTION('',(-1.0,0.0,0.0));
#2244=DIRECTION('',(0.0,0.999961923064171,-0.00872653549836675));
#2245=DIRECTION('',(-1.0,0.0,0.0));
#2246=CARTESIAN_POINT('',(11.4678,14.711,-19.2806));
#2247=DIRECTION('',(0.0,0.0,1.0));
#2248=DIRECTION('',(1.0,0.0,0.0));
#2249=DIRECTION('',(0.0,1.0,0.0));
#2250=DIRECTION('',(-1.0,0.0,0.0));
#2251=CARTESIAN_POINT('',(8.1458,11.415,-19.2806));
#2252=DIRECTION('',(0.0,0.0,-1.0));
#2253=DIRECTION('',(0.0,-1.0,0.0));
#2254=DIRECTION('',(0.0,1.0,0.0));
#2255=CARTESIAN_POINT('',(9.5358,12.675,-19.2806));
#2256=DIRECTION('',(0.0,0.0,1.0));
#2257=DIRECTION('',(1.0,0.0,0.0));
#2258=CARTESIAN_POINT('',(9.5358,12.675,-19.2806));
#2259=DIRECTION('',(0.0,0.0,1.0));
#2260=DIRECTION('',(-1.0,0.0,0.0));
#2261=DIRECTION('',(0.0,0.0,1.0));
#2262=DIRECTION('',(0.0,0.0,1.0));
#2263=CARTESIAN_POINT('',(9.5358,12.675,-20.0406));
#2264=DIRECTION('',(0.0,0.0,-1.0));
#2265=DIRECTION('',(1.0,0.0,0.0));
#2266=DIRECTION('',(0.0,-1.0,0.0));
#2267=CARTESIAN_POINT('',(11.4678,0.2662856858923,-20.0406));
#2268=DIRECTION('',(0.0,0.0,-1.0));
#2269=DIRECTION('',(1.0,0.0,0.0));
#2270=CARTESIAN_POINT('',(11.7478,-2.358823835632,-20.0406));
#2271=DIRECTION('',(0.0,0.0,1.0));
#2272=DIRECTION('',(-0.106060606060603,0.994359667244231,0.0));
#2273=DIRECTION('',(-9.79139466283E-12,-1.0,0.0));
#2274=CARTESIAN_POINT('',(9.1078,-14.711,-20.0406));
#2275=DIRECTION('',(0.0,0.0,-1.0));
#2276=DIRECTION('',(1.0,0.0,0.0));
#2277=DIRECTION('',(-1.0,0.0,0.0));
#2278=CARTESIAN_POINT('',(-8.0942,-14.711,-20.0406));
#2279=DIRECTION('',(0.0,0.0,-1.0));
#2280=DIRECTION('',(0.0,-1.0,0.0));
#2281=DIRECTION('',(-5.839571392089E-12,1.0,0.0));
#2282=CARTESIAN_POINT('',(-10.7342,2.461,-20.0406));
#2283=DIRECTION('',(0.0,0.0,1.0));
#2284=DIRECTION('',(1.0,0.0,0.0));
#2285=DIRECTION('',(-1.0,8.720417951708E-11,0.0));
#2286=CARTESIAN_POINT('',(-12.8742,5.101,-20.0406));
#2287=DIRECTION('',(0.0,0.0,-1.0));
#2288=DIRECTION('',(0.0,-1.0,0.0));
#2289=DIRECTION('',(0.0,1.0,0.0));
#2290=CARTESIAN_POINT('',(-12.8742,14.711,-20.0406));
#2291=DIRECTION('',(0.0,0.0,-1.0));
#2292=DIRECTION('',(-1.0,0.0,0.0));
#2293=DIRECTION('',(1.0,0.0,0.0));
#2294=DIRECTION('',(0.0,-1.0,0.0));
#2295=CARTESIAN_POINT('',(8.1458,11.415,-20.0406));
#2296=DIRECTION('',(0.0,0.0,-1.0));
#2297=DIRECTION('',(0.0,-1.0,0.0));
#2298=DIRECTION('',(-1.0,0.0,0.0));
#2299=CARTESIAN_POINT('',(9.5358,12.675,-20.0406));
#2300=DIRECTION('',(0.0,0.0,-1.0));
#2301=DIRECTION('',(-1.0,0.0,0.0));
#2302=DIRECTION('',(0.0,0.0,1.0));
#2303=CARTESIAN_POINT('',(12.44801626864,10.775,-18.8806));
#2304=DIRECTION('',(0.0,-1.0,0.0));
#2305=DIRECTION('',(1.465494392505E-13,0.0,-1.0));
#2306=DIRECTION('',(0.00872653549839975,8.06078124616577E-14,0.999961923064171));
#2307=CARTESIAN_POINT('',(11.7474660017,10.775,-18.9406));
#2308=DIRECTION('',(0.0,-1.0,0.0));
#2309=DIRECTION('',(0.0,0.0,-1.0));
#2310=DIRECTION('',(0.0,-1.0,-1.027742239602E-13));
#2311=CARTESIAN_POINT('',(11.7474660017,0.2662856858923,-18.9406));
#2312=DIRECTION('',(0.0,-1.0,0.0));
#2313=DIRECTION('',(0.0,0.0,-1.0));
#2314=CARTESIAN_POINT('',(11.4678,0.2662856858923,-18.95019920274));
#2315=DIRECTION('',(0.0,0.0,-1.0));
#2316=DIRECTION('',(1.0,0.0,0.0));
#2317=CARTESIAN_POINT('',(11.49746154563,-0.01180290649565,-18.9406));
#2318=DIRECTION('',(-0.994359667244231,-0.106060606060603,-1.88810646007108E-16));
#2319=DIRECTION('',(2.002923079916E-11,-1.877800929271E-10,-1.0));
#2320=CARTESIAN_POINT('',(11.7478,-2.358823835632,-18.95019917115));
#2321=DIRECTION('',(0.0,0.0,1.0));
#2322=DIRECTION('',(-0.106060606060603,0.994359667244231,0.0));
#2323=CARTESIAN_POINT('',(9.387466001698,-2.358823835632,-18.9406));
#2324=DIRECTION('',(0.0,-1.0,0.0));
#2325=DIRECTION('',(0.0,0.0,-1.0));
#2326=DIRECTION('',(0.0,-1.0,-8.28341116585E-14));
#2327=CARTESIAN_POINT('',(9.387466001698,-14.711,-18.9406));
#2328=DIRECTION('',(0.0,-1.0,0.0));
#2329=DIRECTION('',(0.0,0.0,-1.0));
#2330=CARTESIAN_POINT('',(9.1078,-14.711,-18.95019920407));
#2331=DIRECTION('',(0.0,0.0,-1.0));
#2332=DIRECTION('',(1.0,0.0,0.0));
#2333=CARTESIAN_POINT('',(9.1078,-14.9906660017,-18.9406));
#2334=DIRECTION('',(-1.0,0.0,0.0));
#2335=DIRECTION('',(0.0,0.0,-1.0));
#2336=DIRECTION('',(-1.0,0.0,-7.33178325842E-14));
#2337=CARTESIAN_POINT('',(-8.0942,-14.9906660017,-18.9406));
#2338=DIRECTION('',(-1.0,0.0,0.0));
#2339=DIRECTION('',(0.0,0.0,-1.0));
#2340=CARTESIAN_POINT('',(-8.0942,-14.711,-18.95019920407));
#2341=DIRECTION('',(0.0,0.0,-1.0));
#2342=DIRECTION('',(0.0,-1.0,0.0));
#2343=CARTESIAN_POINT('',(-8.373866001698,-14.711,-18.9406));
#2344=DIRECTION('',(0.0,1.0,0.0));
#2345=DIRECTION('',(0.0,0.0,-1.0));
#2346=DIRECTION('',(0.0,1.0,-3.641262564144E-14));
#2347=CARTESIAN_POINT('',(-8.373866001698,2.461,-18.9406));
#2348=DIRECTION('',(0.0,1.0,0.0));
#2349=DIRECTION('',(0.0,0.0,-1.0));
#2350=CARTESIAN_POINT('',(-10.7342,2.461,-18.95019916843));
#2351=DIRECTION('',(0.0,0.0,1.0));
#2352=DIRECTION('',(1.0,0.0,0.0));
#2353=CARTESIAN_POINT('',(-10.7342,4.821333998302,-18.9406));
#2354=DIRECTION('',(-1.0,0.0,0.0));
#2355=DIRECTION('',(0.0,0.0,-1.0));
#2356=DIRECTION('',(-1.0,0.0,-3.436503421026E-13));
#2357=CARTESIAN_POINT('',(-12.8742,4.821333998302,-18.9406));
#2358=DIRECTION('',(-1.0,0.0,0.0));
#2359=DIRECTION('',(0.0,0.0,-1.0));
#2360=CARTESIAN_POINT('',(-12.8742,5.101,-18.95019920407));
#2361=DIRECTION('',(0.0,0.0,-1.0));
#2362=DIRECTION('',(0.0,-1.0,0.0));
#2363=CARTESIAN_POINT('',(-13.1538660017,5.101,-18.9406));
#2364=DIRECTION('',(0.0,1.0,0.0));
#2365=DIRECTION('',(0.0,0.0,-1.0));
#2366=DIRECTION('',(0.0,1.0,-1.312396832699E-13));
#2367=CARTESIAN_POINT('',(-13.1538660017,14.711,-18.9406));
#2368=DIRECTION('',(0.0,1.0,0.0));
#2369=DIRECTION('',(0.0,0.0,-1.0));
#2370=CARTESIAN_POINT('',(-12.8742,14.711,-18.95019920407));
#2371=DIRECTION('',(0.0,0.0,-1.0));
#2372=DIRECTION('',(-1.0,0.0,0.0));
#2373=CARTESIAN_POINT('',(-12.8742,14.9906660017,-18.9406));
#2374=DIRECTION('',(1.0,0.0,0.0));
#2375=DIRECTION('',(0.0,0.0,-1.0));
#2376=CARTESIAN_POINT('',(7.5058,14.9906660017,-18.9406));
#2377=DIRECTION('',(-1.0,0.0,0.0));
#2378=DIRECTION('',(0.0,0.999961923064171,-0.00872653549837175));
#2379=DIRECTION('',(0.0,0.0,1.0));
#2380=DIRECTION('',(0.00872653549837375,-7.57022129007178E-11,-0.999961923064171));
#2381=DIRECTION('',(0.00872653549837375,2.45294524116993E-11,-0.999961923064171));
#2382=DIRECTION('',(7.57020254315278E-11,0.00872653549837375,-0.999961923064171));
#2383=DIRECTION('',(-1.45590443959196E-11,0.00872653549837375,-0.999961923064171));
#2384=DIRECTION('',(0.00872653549837375,-4.19307171252388E-11,-0.999961923064171));
#2385=DIRECTION('',(0.00872653549837375,2.45292180752193E-11,-0.999961923064171));
#2386=DIRECTION('',(7.57018379623478E-11,0.00872653549837375,-0.999961923064171));
#2387=DIRECTION('',(1.0,0.0,0.0));
#2388=DIRECTION('',(1.0,0.0,0.0));
#2389=DIRECTION('',(-2.45291243406293E-11,0.00872653549837375,-0.999961923064171));
#2390=CARTESIAN_POINT('',(7.272332114594,-15.901,-1.09058));
#2391=DIRECTION('',(0.0,-1.0,0.0));
#2392=DIRECTION('',(0.685024439475799,0.0,0.728520087108699));
#2393=DIRECTION('',(0.0,1.0,0.0));
#2394=DIRECTION('',(1.0,0.0,0.0));
#2395=DIRECTION('',(0.0,1.0,0.0));
#2396=DIRECTION('',(0.0,-1.0,0.0));
#2397=DIRECTION('',(1.0,0.0,0.0));
#2398=DIRECTION('',(0.0,1.0,0.0));
#2399=DIRECTION('',(-1.0,0.0,0.0));
#2400=DIRECTION('',(0.0,-1.0,0.0));
#2401=DIRECTION('',(-1.0,0.0,0.0));
#2402=DIRECTION('',(0.0,-1.0,0.0));
#2403=DIRECTION('',(0.0,1.0,0.0));
#2404=CARTESIAN_POINT('',(-11.03373211459,15.901,-1.09058));
#2405=DIRECTION('',(0.0,1.0,0.0));
#2406=DIRECTION('',(-0.685024439475799,0.0,0.728520087108699));
#2407=CARTESIAN_POINT('',(-10.98466788541,15.901,-1.09058));
#2408=DIRECTION('',(0.0,-1.0,0.0));
#2409=DIRECTION('',(0.685024439475799,0.0,0.728520087108699));
#2410=CARTESIAN_POINT('',(9.627332114594,15.901,-1.09058));
#2411=DIRECTION('',(0.0,-1.0,0.0));
#2412=DIRECTION('',(0.685024439475799,0.0,0.728520087108699));
#2413=CARTESIAN_POINT('',(7.223267885406,-15.901,-1.09058));
#2414=DIRECTION('',(0.0,1.0,0.0));
#2415=DIRECTION('',(-0.685024439475799,0.0,0.728520087108699));
#2416=CARTESIAN_POINT('',(-6.209667885406,-15.901,-1.09058));
#2417=DIRECTION('',(0.0,-1.0,0.0));
#2418=DIRECTION('',(0.685024439475799,0.0,0.728520087108699));
#2419=CARTESIAN_POINT('',(-6.258732114594,-15.901,-1.09058));
#2420=DIRECTION('',(0.0,1.0,0.0));
#2421=DIRECTION('',(-0.685024439475799,0.0,0.728520087108699));
#2422=DIRECTION('',(-0.00872653549837375,7.57019316969378E-11,-0.999961923064171));
#2423=DIRECTION('',(-0.00872653549837375,-7.23619338251779E-12,-0.999961923064171));
#2424=DIRECTION('',(-0.000925541654171773,0.00867731493324775,-0.999961923064171));
#2425=DIRECTION('',(-0.00872653549837375,4.95580327415186E-11,-0.999961923064171));
#2426=DIRECTION('',(-0.00872653549837375,-3.5405495443189E-11,-0.999961923064171));
#2427=DIRECTION('',(0.0,1.0,-2.455127339426E-13));
#2428=CARTESIAN_POINT('',(12.44801626864,14.711,-18.8806));
#2429=DIRECTION('',(0.0,1.0,0.0));
#2430=DIRECTION('',(0.999961923064171,0.0,-0.00872653549836675));
#2431=CARTESIAN_POINT('',(11.4678,14.711,-18.8840906142));
#2432=DIRECTION('',(0.0,0.0,1.0));
#2433=DIRECTION('',(1.0,0.0,0.0));
#2434=DIRECTION('',(0.0,0.0,1.0));
#2435=DIRECTION('',(0.0,-1.0,0.0));
#2436=DIRECTION('',(0.0,0.0,1.0));
#2437=DIRECTION('',(-1.0,0.0,0.0));
#2438=DIRECTION('',(0.0,0.0,1.0));
#2439=DIRECTION('',(0.0,1.0,0.0));
#2440=DIRECTION('',(0.0,0.0,1.0));
#2441=DIRECTION('',(1.0,0.0,0.0));
#2442=CARTESIAN_POINT('',(-5.2244,-9.144,3.7084));
#2443=DIRECTION('',(0.0,0.0,1.0));
#2444=DIRECTION('',(-1.0,0.0,0.0));
#2445=CARTESIAN_POINT('',(-5.2244,-9.144,3.7084));
#2446=DIRECTION('',(0.0,0.0,1.0));
#2447=DIRECTION('',(1.0,0.0,0.0));
#2448=CARTESIAN_POINT('',(4.9356,-9.144,3.7084));
#2449=DIRECTION('',(0.0,0.0,1.0));
#2450=DIRECTION('',(-1.0,0.0,0.0));
#2451=CARTESIAN_POINT('',(4.9356,-9.144,3.7084));
#2452=DIRECTION('',(0.0,0.0,1.0));
#2453=DIRECTION('',(1.0,0.0,0.0));
#2454=DIRECTION('',(1.0,0.0,0.0));
#2455=DIRECTION('',(0.0,1.0,0.0));
#2456=DIRECTION('',(-1.0,0.0,0.0));
#2457=DIRECTION('',(0.0,-1.0,0.0));
#2458=DIRECTION('',(0.0,0.0,1.0));
#2459=DIRECTION('',(0.0,0.0,1.0));
#2460=DIRECTION('',(0.0,0.0,1.0));
#2461=DIRECTION('',(0.0,0.0,1.0));
#2462=DIRECTION('',(0.0,0.0,1.0));
#2463=DIRECTION('',(0.0,0.0,1.0));
#2464=DIRECTION('',(0.0,0.0,1.0));
#2465=DIRECTION('',(0.0,0.0,1.0));
#2466=DIRECTION('',(0.0,0.0,1.0));
#2467=DIRECTION('',(1.0,0.0,0.0));
#2468=DIRECTION('',(0.0,0.0,1.0));
#2469=DIRECTION('',(0.0,-1.0,0.0));
#2470=DIRECTION('',(0.0,0.0,1.0));
#2471=DIRECTION('',(-1.0,0.0,0.0));
#2472=DIRECTION('',(0.0,0.0,1.0));
#2473=DIRECTION('',(0.0,1.0,0.0));
#2474=PRESENTATION_LAYER_ASSIGNMENT('','',(#24,#46,#47,#48,#49,#50,#51,#52,#53,#54,#55,#56,#57,#58,#59,#60,#61,#62,#63,#64,#65,#66,#67,#68,#69,#70,#71,#72,#73,#74,#75,#76,#77,#78,#79,#80,#81,#82,#83,#84,#85,#86,#87,#88,#89,#90,#91,#92,#93,#94,#95,#96,#97,#98,#99,#100,#101,#102,#103,#104,#105,#106,#107,#108,#109,#110,#111,#112,#113,#114,#115,#116,#117,#118,#119,#120,#121,#122,#123,#1168,#1169,#1170,#1171,#1172,#1173,#1174,#1175,#1176,#1177,#1178,#1179,#1180,#1181,#1182,#1183,#1184,#1185,#1186,#1187,#1188,#1189,#1190,#1191,#1192,#1193,#1194,#1195,#1196,#1197,#1198,#1199,#1200,#1201,#1202,#1203,#1204,#1205,#1206,#1207,#1208,#1209,#1210,#1211,#1212,#1213,#1214,#1215,#1216,#1217,#1218,#1219,#1220,#1221,#1222,#1223,#1224,#1225,#1226,#1227,#1228,#1229,#1230,#1231,#1232,#1233,#1234,#1235,#1236,#1237,#1238,#1239,#1240,#1241,#1242,#1243,#1244,#1245,#1246,#1247,#1248,#1249,#1250,#1251,#1252,#1253,#1254,#1255,#1256,#1257,#1258,#1259,#1260,#1261,#1262,#1263,#1264,#1265,#1266,#1267,#1268,#1269,#1270,#1271,#1272,#1273,#1274,#1275,#1276,#1277,#1278,#1279,#1280,#1281,#1282,#1283,#1284,#1285,#1286,#1287,#1288,#1289,#1290,#1291,#1292,#1293,#1294,#1295,#1296,#1297,#1298,#1299,#1300,#1301,#1302,#1303,#1304,#1305,#1306,#1307,#1308,#1309,#1310,#1311,#1312,#1313,#1314,#1315,#1316,#1317,#1318,#1319,#1320,#1321,#1322,#1323,#1324,#1325,#1326,#1327,#1328,#1329,#1330,#1331,#1332,#1333,#1334,#1335,#1336,#1337,#1338,#1339,#1340,#1341,#1342,#1343,#1344,#1345,#1346,#1347,#1348,#1349,#1350,#1351,#1352,#1353,#1354,#1355,#1356,#1357,#1358,#1359,#1360,#1361,#1362,#1363,#1364,#1366,#1368,#1370,#1372,#1374,#1376,#1378,#1380,#1382,#1384,#1386,#1388,#1390,#1392,#1394,#1396,#1398,#1400,#1402,#1404,#1406,#1408,#1410,#1412,#1414,#1416,#1418,#1420,#1422,#1425,#1426,#1428,#1430,#1433,#1434,#1437,#1438,#1441,#1442,#1444,#1446,#1449,#1450,#1452,#1454,#1457,#1459,#1462,#1463,#1465,#1468,#1470,#1473,#1476,#1479,#1481,#1484,#1486,#1488,#1490,#1493,#1494,#1497,#1499,#1502,#1503,#1505,#1507,#1509,#1511,#1513,#1515,#1517,#1519,#1521,#1523,#1525,#1527,#1529,#1531,#1533,#1538,#1540,#1543,#1546,#1549,#1552,#1555,#1558,#1561,#1564,#1567,#1570,#1573,#1576,#1590,#1591,#1594,#1596,#1601,#1604,#1605,#1609,#1612,#1615,#1616,#1630,#1635,#1637,#1640,#1643,#1647,#1648,#1651,#1652,#1655,#1656,#1658,#1660,#1671,#1673,#1676,#1679));
ENDSEC;
END-ISO-10303-21;
